name,price
Asus X509MA-BQ339T Silver 90NB0Q31-M06410,"409,00"
Lenovo IdeaPad L340-15IRH Gaming 81LK00GVLT,"799,99"
Asus VivoBook Flip 14 Bespoke Black TM420IA-EC134T,"599,00"
Lenovo IdeaPad 3-15ADA 81W1005KPB,"469,00"
Dators Asus Tuf gaming FX505DT,"849,00"
Lenovo IdeaPad 5-15ARE Platinum Grey 81YQ008FLT,"519,99"
Lenovo IdeaPad 5-15ARE Platinum Grey 81YQ008HLT EN,"619,99"
Asus ROG Strix SCAR III G531GU-AZ419T PL,"1.522,03"
Lenovo Legion 5-15 81Y600DTLT,"1.059,99"
Lenovo Ideapad S540-14API 81NH003TPB Mineral Grey,"660,00"
Asus ZenBook 13 UX325JA-EG155R Lilac Mist EN,"888,00"
Asus ZenBook 14 UX425JA-HM254T Pine Grey,"999,99"
Lenovo IdeaPad 3-15ADA 81W1005LPB,"613,99"
Lenovo IdeaPad 3-15IIL Grey 81WE0063PB PL,"641,75"
Lenovo Ideapad S540-14API Grey 81NH004APB PL,"739,97"
Lenovo IdeaPad 5-15IIL Granite Black 81YK0066PB PL,"705,00"
Asus ZenBook 13 UX325JA-AH090R EN,"906,06"
"Apple MacBook Air 13.3"" Retina DC / i3 1.1GHz / 8GB / 256 SSD / ENG Space Gray","1.459,00"
Lenovo IdeaPad 3-15 ILL Grey 81WE00H6PB,"611,20"
Lenovo IdeaPad 3-17 AMD Platinum Gray 81W20017PB PL,"582,97"
Lenovo IdeaPad L340-15IRH Gaming 81LK01CGPB PL,"980,00"
Lenovo ThinkPad L13 Black 20R30005MH,"891,07"
Lenovo IdeaPad 3-15IMH 81Y400JJPB,"941,14"
Huawei Honor MagicBook Space Gray 53010WKX,"650,00"
ASUS TUF Gaming FX505DV-AL026,"1.158,00"
Huawei MateBook D14 R5/8GB/512GB/W10,"715,00"
Lenovo IdeaPad L340-15IRH Gaming 81LK00AUPB,"695,00"
Lenovo IdeaPad L340-15IRH Gaming 81LK01KJPB,"799,00"
Acer Nitro 5 AN515-55-516M Black,"862,77"
Dators MSI GL65 Leopard I5 DOS,"999,00"
Lenovo IdeaPad 3-15ADA 81W10032PB PL,"550,00"
Asus VivoBook Flip 14 TP412FA-EC661T Touch PL,"628,11"
Lenovo IdeaPad 3-15ADA 81W1002YPB,"515,07"
Lenovo IdeaPad 3-17ADA Platinum Gray 81W2002BPB PL,"538,94"
MSI GL65 9SCXR-046XPL,"873,78"
MSI GL65 Leopard 10SER-012XPL PL,"1.304,99"
Lenovo IdeaPad 1-14AST Silver 81VS005PPB,"445,79"
MSI GL65 Leopard 10SCSR-007XPL PL,"821,00"
Acer Nitro 5 AN515-55 Black NH.Q7QEP.002 PL,"1.360,35"
Asus VivoBook 15 M509DA-EJ034T Silver PL,"711,99"
HP 17-ca2004nw 226R6EA,"655,00"
Acer Aspire 5 A515-55 Black NX.HSKEL.006,"749,00"
Acer Nitro 5 AN515-55 Black NH.Q7JEP.00B,"893,30"
Lenovo IdeaPad L340-15IRH Gaming 81LK00DLPB_16,"845,11"
"Apple MacBook Air 13.3"" Retina DC / i3 1.1GHz / 8GB / 256 SSD / ENG Silver","1.399,00"
Lenovo IdeaPad 3-14ADA Grey 81W0006KMH,"444,99"
MSI GL65 Leopard 10 10SCXR-008XPL,"802,31"
Asus ROG Strix G15 G512LV-AZ035,"1.391,65"
Lenovo Ideapad C340-14IML Black 81TK00C0PB PL,"617,40"
Lenovo IdeaPad 5-15ILL Graphite Black 81YK00F9PB PL,"780,31"
Lenovo Ideapad Flex 5 14ARE 81X20087PB PL,"701,83"
Lenovo Ideapad L340-17IRH Gaming Black 81LL0045PB PL,"857,34"
Lenovo IdeaPad 3-15ADA 81W100BBPB PL,"715,03"
HP 15-db0003nw 9PX62EA PL,"665,16"
MSI Modern 15 Black A10RAS-269PL PL,"873,49"
Lenovo Legion Y540-15IRH-PG0 (81SY00Q5PB) PL,"813,22"
HP Pavilion 15-cs3051nw Silver 155W1EA PL,"815,00"
Asus ProArt StudioBook Pro X W730G5T-H8092R Grey,"6.850,00"
Lenovo IdeaPad 3-15IIL Grey 81WE005EPB PL,"695,00"
Lenovo IdeaPad 1-14AST Silver 81VS005NPB PL,"485,00"
HP Pavilion 15 Black 9CK32EA,"555,00"
Lenovo Legion 5-15ARH Black 82AU00AFPB,"872,04"
Denver NBW-14104N Silver,"209,00"
Lenovo IdeaPad 3-17ADA AMD Platinum Gray 81W2002DPB,"565,29"
Asus ROG Strix G15 G512LU-HN095T PL,"1.319,61"
MSI GL75 9SCXR-040XPL PL,"821,29"
Lenovo IdeaPad L340-15IRH Gaming 81LK00B2PB,"750,46"
Lenovo Ideapad C340-14API Black 81N6004YPB PL,"672,71"
Asus ROG Zephyrus S GX701LWS-HG019T 300Hz PL,"2.622,00"
Acer Aspire 5 A514-53 Silver NX.HUSEL.004,"659,00"
Acer Swift 5 SF514-54T White NX.HLGEL.004,"885,00"
HP EliteBook 855 G7 1J6L9EA#B1R,"1.339,91"
Dell Inspiron 15 3593 Black 3593-7363,"589,00"
Huawei MateBook X Pro 2020 Gray 53010VVN,"1.776,69"
Lenovo Legion 5-15ARH 82B500A5PB PL,"1.150,00"
Lenovo Legion 5-15ARH 82B500AJPB,"999,00"
Apple MacBook Pro 16 Space Grey i9 16GB 1TB 5500M MVVK2ZE/A,"2.895,00"
Dators Asus TUF Gaming FX505GT I5 W10,"999,00"
Acer Predator Helios 700 PH717-71 NH.Q4YEP.009 PL,"2.755,22"
Asus ROG Strix G17 G712LV-EV023,"1.643,10"
Lenovo IdeaPad 3-17ADA Platinum Gray 81W20019PB PL,"665,00"
Dell Inspiron 14 5401 Silver 5401-9077 PL,"742,19"
MSI GL65 Leopard 10 10SCXR-009XPL,"864,73"
Lenovo IdeaPad 3-15ADA 81W1002WPB,"485,00"
Lenovo IdeaPad L340-15IRH Gaming 81LK01KEPB PL,"874,05"
Samsung Galaxy Book S Gold NP767XCM-K02IT,"1.075,69"
Lenovo ThinkBook 14 Gray 20SL000NMH,"840,00"
MSI GE63 Raider RGB 8SG-001NL GE63RAIDERRGB8SG-001NL,"3.695,00"
Lenovo Ideapad L340-17API Black 81LY003LPB,"639,11"
Lenovo IdeaPad 5-15IIL Granite Black 81YK0065PB PL,"724,77"
MSI Modern 15 Black A10RAS-268PL PL,"962,75"
Lenovo Legion Y540-15IRH-PG0 81SY00QWPB PL,"1.070,86"
Lenovo ThinkBook 14 Grey 20SL000LMH,"965,00"
Lenovo Legion 5-15ARH Black 82B500AKPB PL,"912,56"
Dell Vostro 14 3491 Black N101VN3491EMEA01_2101_16 PL,"885,00"
MSI GP75 Leopard 10SDK-024XPL PL,"1.328,17"
Dell G5 15 5500-4762 Black,"1.266,25"
Lenovo Ideapad S540-14API 81NH003VPB,"698,09"
Acer Nitro 5 AN517-51 Black NH.Q5CEP.032 PL,"1.081,96"
Lenovo Ideapad Flex 5 14ARE Graphite Grey 81X20084PB PL,"623,98"
MSI GF65 Thin 9SEXR-825XPL,"999,99"
Huawei MateBook X Pro 2020 Gray 53010YQU PL,"1.530,80"
Dell G5 5590 Black 5590-9821 PL,"1.620,00"
Lenovo Ideapad C340-14API Black 81N6004DPB PL,"565,00"
HP Pavilion x360 14-dw0003nw PL,"614,00"
Lenovo IdeaPad 3-15IIL Grey 81WE0064PB PL,"744,60"
MSI Bravo 15 Black BRAVO15A4DDR-032NL,"1.199,99"
Asus 14 X409MA-EB215T Slate Grey,"439,99"
"Apple MacBook Air 13.3"" Retina DC / i3 1.1GHz / 8GB / 256 SSD / ENG Gold","1.110,00"
Microsoft Surface Laptop 2 Platinum LQP-00012,"1.040,00"
Lenovo ThinkBook 14 Grey 20SL00D3MH,"660,00"
Lenovo Ideapad C340-14API Black 81N600ATPB PL,"615,00"
Asus ROG Strix G15 G512 G512LWS-AZ003 PL,"1.999,99"
Apple MacBook Pro 16 Silver i7 16GB 512GB 5300M MVVL2ZE/A,"2.553,86"
Dream Machines G1650Ti-15PL52,"882,94"
Lenovo Legion Y540-15IRH 81SX00Q7PB PL,"1.047,95"
Dell Inspiron 15 3593 Black 3595-5488,"455,00"
Lenovo IdeaPad 1-14 Silver 81VU0037PB,"435,00"
Acer Predator Triton 500 PT515-51 NH.Q4WEP.019 PL,"2.380,81"
Lenovo IdeaPad 5-14ARE Platinum Gray 81YM0070PB PL,"730,25"
HP Omen 15-ek0002nw PL,"1.480,65"
Dell Vostro 7500 15 N003VN7500EMEA01_2105,"1.814,13"
Lenovo IdeaPad 3-15ADA 81W100B8PB,"640,00"
Dell Inspiron 14 5401 Silver 5401-9121 EN,"837,70"
Dell G5 15 5500-5004 Black EN,"2.028,53"
Lenovo IdeaPad 3-14IML Grey 81WA004PPB PL,"786,43"
Acer Nitro 5 AN517-51 Black NH.Q7JEP.004 PL,"1.121,28"
Acer Nitro 5 AN515-54 Full HD SSD GTX Coffe Lake H i5,"1.122,72"
MSI GE66 Raider GE6610SGS-266NL,"2.899,00"
HP Omen 15-ek0022nw 230Y9EA PL,"1.861,78"
Lenovo Ideapad 330-15 Black 81D100S3EU_256 PL,"480,16"
HP ENVY x360 15-dr1005nw,"1.334,49"
Lenovo IdeaPad 3-15IMH Gaming 81Y400J5PB PL,"907,02"
Lenovo IdeaPad 3-14IML Grey 81WA003RPB PL,"749,72"
Lenovo ThinkBook 14 Gray 20SL003NPB,"599,03"
Lenovo IdeaPad 3-15ADA 81W1002XPB PL,"543,99"
"Apple MacBook Pro 13.3"" Retina with Touch Bar QC / i5 2.0GHz / 16GB / 512 SSD / ENG Silver","2.161,49"
HP 340S G7 Silver 8VU99EA PL,"882,74"
MSI GE63 Raider RGB 882DX,"1.552,10"
Lenovo V130-15 Iron Grey 81H7009UEU PL,"539,99"
MSI GS75 Stealth GS7510SGS-084NL,"3.799,00"
Lenovo Legion Y540-15IRH 81SY00QVPB PL,"995,00"
Lenovo Ideapad L340-17IRH Gaming Black 81LL0059PB PL,"952,66"
Lenovo Ideapad 330-15 Black 81D100S3EU PL,"490,99"
Lenovo IdeaPad S145-14IWL 81MU007NUS_8_256 PL,"534,00"
Lenovo ThinkPad E14 Black 20T6000UPB PL,"815,87"
Lenovo ThinkBook 15 IIL 20SM000GPB PL,"1.083,69"
Asus ROG Strix G15 G512 G512LW-AZ025,"1.683,72"
MSI GE63 Raider RGB RE GE63RAIDERRGB8SE-005NL,"2.737,00"
"Apple MacBook Air 13.3"" Retina QC / i5 1.1GHz / 8GB / 512 SSD / RUS Space Grey","1.518,99"
Lenovo Yoga 920-13 Platinum 80Y700G6PB,"1.050,00"
Lenovo Ideapad S540-14API 81NH00AVPB PL,"835,99"
MSI GE75 Raider GE7510SGS-272NL,"2.999,00"
Lenovo Legion 5-15ARH 82B500A3PB PL,"1.104,99"
Lenovo Legion 5-15IMH Black 82AU00AFPB,"1.055,99"
"Apple MacBook Pro 13.3"" Retina with Touch Bar QC / i5 2.0GHz / 16GB / 1TB SSD / ENG Silver","2.375,00"
Dell G3 15 3590 Black 3590-3937 PL,"1.430,00"
Lenovo IdeaPad L340-15IRH Gaming 81LK01KGPB,"908,49"
Dell G5 15 5500-4809 Black PL,"1.221,96"
Lenovo ThinkPad L490 Black 20Q5001YMH,"785,00"
Lenovo IdeaPad 3-14IML Grey 81WA005NPB,"670,00"
Lenovo Ideapad C340-14API Black 81N6004XPB PL,"649,99"
Lenovo Legion Y540-15IR 81SY00Q6PB PL,"949,00"
Dell Inspiron 15 5501-9183 Silver,"1.290,08"
Lenovo IdeaPad 3-14IML Grey 81WA005PPB,"695,00"
Lenovo Ideapad S540-14API 81NH003TPB_12,"660,00"
Lenovo Legion 5-15ARH 82B500A7PB PL,"973,15"
Dell Inspiron 14 5490 Silver 5490-2676 PL,"1.099,51"
Lenovo IdeaPad 3-15ADA 81W100B7PB PL,"612,61"
Lenovo Legion Y540-15IRH 81SY00Q7PB PL,"929,92"
Asus VivoBook S430FA Gun Metal S430FA-EB108T,"669,49"
Asus ROG Strix G15 G512 G512LV-HN033,"1.444,37"
Dell Vostro 3590 Black 5713302/N2102VN3590EMEA01_2005 PL,"742,19"
"Microsoft Surface Book 3 15"" Platinum SMN-00009","3.006,57"
Lenovo Yoga S730-13 Platinum 81J00084PB,"859,78"
HP Omen 15-ek0011nw 1F7K2EA PL,"1.215,00"
Lenovo ThinkPad P1 Gen 2 Black 20QT007QMH,"3.620,00"
Lenovo IdeaPad 3-15ILL Grey 81WE00H7PB PL,"636,69"
Asus ROG Strix SCAR III G531GU-AZ419,"1.471,04"
Dell Inspiron 14 5401 273405452 Silver EN,"819,00"
Lenovo Ideapad Flex 5 14IIL 81X100E5PB PL,"680,86"
HP Pavilion Gaming 15-dk0007nw 6WN79EA PL,"917,00"
Lenovo Ideapad C340-14IML Black 81TK00M2PB PL,"1.006,99"
Lenovo IdeaPad 3-17 AMD Platinum Gray 81W2002EPB,"588,48"
"Apple MacBook Air 13.3"" Retina QC / i5 1.1GHz / 8GB / 512 SSD / ENG Silver","1.387,30"
Asus ROG Strix SCAR 15 G532LWS-HF060,"2.015,84"
Lenovo IdeaPad 3-17ADA Platinum Gray 81W2002CPB PL,"588,49"
"Apple MacBook Air 13.3"" Retina QC / i5 1.1GHz / 8GB / 512 SSD / ENG Gold","1.425,00"
Lenovo IdeaPad 3-17ADA Platinum Grey 81W20016PB PL,"519,94"
Lenovo IdeaPad S145-15 81UT003WUS PL,"670,00"
Dell Inspiron 14 5401-9053 Silver PL,"1.123,33"
Dell Latitude 5410 Silver N025L541014EMEA,"1.449,87"
Lenovo Ideapad C340-14IWL Black 81N400FBPB PL,"625,00"
Lenovo IdeaPad L340-15IRH Gaming 81LK00AYPB PL,"981,99"
Lenovo Legion 5-15ARH 82B500A9PB PL,"1.005,62"
Lenovo ThinkPad L13 Black 20R3000EMH,"1.160,00"
Lenovo Legion 5-15ARH 82B500AEPB,"938,99"
HP 340S G7 Silver 9VY23EA US,"628,10"
MSI GL75 Leopard 10SDR-260XPL,"1.248,99"
Lenovo Ideapad S540-14API Grey 81NH004APB|12 PL,"755,17"
Dell Inspiron 13 7391 2 in 1 Silver 273405363,"1.168,84"
HP Omen 15-ek0023nw 231B8EA,"1.528,28"
Lenovo IdeaPad 5-15ILL Graphite Black 81YK00F7PB PL,"709,80"
"Apple MacBook Air 13.3"" Retina QC / i5 1.1GHz / 8GB / 512 SSD / RUS Silver","1.325,59"
HP ProBook 450 G7 Silver 8MH53EA PL,"813,66"
MSI Modern 14 A10RAS-859PL PL,"873,78"
"Microsoft Surface Laptop 3 15"" Platinum V4G-00008","1.330,53"
Lenovo Ideapad L340-17API Black R3 4/256GB W10H PL,"670,74"
Lenovo Legion 5-15ARH 82B500A2PB PL,"1.020,00"
Lenovo ThinkPad P15s Black 20T40031MH,"2.529,37"
Lenovo V130-14 Grey 81HQ00MMEU PL,"607,49"
MSI Creator 17M 10 A10SF-205NL,"2.999,00"
Dell G5 15 5500-4915 Black PL,"1.909,43"
Dell Vostro 14 5401 Grey N4106NVN5401EMEA01_2101,"830,59"
Acer Nitro 5 AN515-55 Black NH.Q82EP.00P,"1.125,00"
HP 250 G7 Silver 14Z97EA#ABB PL,"675,00"
"Dell Latitude 9510 15"" N012L9510152IN1EMEA Silver EN","2.645,00"
Acer Aspire 3 A317-51 Black NX.HLYEH.006 PL,"558,27"
"Dell Latitude 9510 15"" N009L951015EMEA Silver EN","2.465,00"
Lenovo Yoga C640-13IML 81UE0052PB PL,"981,99"
MSI Creator 17M 10 A10SE-209NL,"2.699,00"
Lenovo IdeaPad 3-14ADA Grey 81W00061PB PL,"589,49"
Dell Latitude 5300 2-in-1 Black i5 8/256GB W10P,"900,48"
Lenovo IdeaPad L340-15IRH Gaming 81LK00B6PB,"935,00"
Acer Aspire 3 A317-51K Black NX.HEKEH.01B PL,"565,86"
Lenovo Ideapad S540-14API 81NH00AUPB PL,"883,99"
Arvuti Notebook Acer Aspire 7 A715-41G Charcoal Black,"1.159,00"
Acer Nitro 5 AN517-52-57U2 Black,"913,34"
Lenovo Ideapad 330S-15IKB Grey 81GC0072LT,"882,10"
"Microsoft Surface Book 3 15"" Platinum SLZ-00009","2.510,43"
MSI GF65 Thin 9SEXR-824XPL PL,"1.142,39"
Lenovo ThinkPad L590 20Q8S26W00,"736,49"
Lenovo Legion 5-15ARH Black 82B500A0PB PL,"981,99"
MSI Creator 17M 10 CREATOR17A10SFS-202NL,"3.199,00"
Lenovo Yoga C640-13IML 81UE004XPB PL,"861,04"
HP Elite Dragonfly 8MK76EA#B1R,"1.789,64"
Lenovo IdeaPad 3-15IMH Gaming 81Y400J6PB,"835,00"
Lenovo Yoga Slim 7-14IIL 82A10064PB PL,"801,35"
HP Pavilion x360 15-dq1000nw 230Y7EA,"908,94"
Lenovo ThinkPad X1 Yoga 5 Iron Gray 20UB0035PB,"2.941,16"
Lenovo Ideapad C340-14IWL Black 81TK00M1PB PL,"717,37"
Dell G3 15 3500-4557 Black PL,"1.631,23"
MSI GS75 Stealth GS7510SFS-086NL,"2.999,00"
MSI Prestige 14 A10SC-215PL,"1.187,22"
HP 250 G7 Silver 150B5EA#ABB,"820,00"
Lenovo IdeaPad 3-15IMH Gaming 81Y400JMPB PL,"1.075,00"
Lenovo ThinkBook Plus Grey 20TG000RMH,"1.270,00"
Lenovo IdeaPad 3-15IMH 81Y400J9PB,"975,00"
HP 250 G7 Black 2D232EA PL,"623,09"
Lenovo Ideapad L340-17IRH Gaming Black 81LL00EUPB PL,"935,00"
HP ProBook 450 G7 Silver 8VU85EA#B1R,"779,10"
Lenovo V15 Iron Gray 82C7000RPB PL,"655,86"
Lenovo Ideapad L340-17IRH Gaming Black 81LL0057PB PL,"906,19"
Lenovo ThinkPad P1 Gen 3 Black 20TH000WMH,"2.541,87"
Dell Inspiron 15 3593 Black 3593-0156,"789,84"
Dell G3 15 3500-4632 Black PL,"1.697,75"
Dell Latitude 5411 Grey N005L541114EMEA,"1.302,58"
"Apple MacBook Pro 13.3"" Retina with Touch Bar QC / i5 2.0GHz / 16GB / 512 SSD / ENG Space Gray","2.072,63"
Lenovo Yoga C930 Glass 81EQ000RPB PL,"1.164,00"
Asus VivoBook 15 X509JA-BQ041T,"749,00"
Acer Aspire 7 A715-74G Black NH.Q5TEL.00E,"1.045,00"
Lenovo IdeaPad 5-14ARE Gray 81X20086PB PL,"860,49"
Lenovo Legion Y540-15IHR 81SX00Q6PB PL,"1.032,49"
Dell Latitude 3500 Black 53651283/2 PL,"790,00"
Lenovo IdeaPad 3-15ADA 81W1005JPB PL,"641,46"
"Dell Latitude 7410 14"" N016L951015EMEA Silver","2.505,00"
Lenovo Ideapad L340-17IRH Gaming Black 81LL00EAPB PL,"929,99"
Dell Inspiron 15 5501 Silver 5501-9145 PL,"1.075,69"
Lenovo Legion 5-15IMH 82AU00ADPB,"915,00"
Lenovo Ideapad S540-14API 81NH004BPB PL,"769,08"
HP ZBook17 G2 5KY93AV PL,"3.205,00"
Dell G5 5590 Black 5590-0285 PL,"1.671,20"
"Microsoft Surface Book 3 13.5"" Platinum SKW-00009 PL","2.200,64"
Lenovo Legion Y540-15IRH i7 8/512GB W10H PL,"1.161,00"
Lenovo ThinkPad T490s Black 20NX0056MH,"1.565,42"
HP Pavilion 15 Black 19M13EA,"579,00"
Lenovo ThinkPad T495s Black 20QJ001NMH,"1.170,98"
Asus VivoBook S14 S431FA-EB030T Cobalt Blue,"742,53"
Lenovo Ideapad C340-14IML Black 81N60051PB PL,"908,49"
HP EliteBook 845 G7 23Y04EA#B1R,"1.237,23"
Dell Vostro 3590 Black 53651583/1_16 PL,"837,47"
Dell Latitude 5411 Grey N003L541114EMEA PL,"1.545,00"
Lenovo Legion Y540-15IRH 81SX0115PB PL,"1.310,00"
Dell Latitude 3410 Black N012L341014EMEA,"972,08"
"Apple MacBook Pro 13.3"" Retina with Touch Bar QC / i5 2.0GHz / 16GB / 1TB SSD / ENG Space Grey","2.349,49"
Dell G3 15 3500-4175 White PL,"1.276,19"
Lenovo Legion Y540-15IRH 81SY00QUPB PL,"982,02"
HP 250 G7 Black 7DC18EA PL,"593,17"
Lenovo IdeaPad 3-17ADA Platinum Gray 81W20018PB PL,"645,00"
HP EliteBook 745 G6 6XE88EA#B1R,"1.247,63"
Lenovo ThinkPad T480 20L6SC0100 PL,"837,47"
Lenovo IdeaPad 5-14ARE 81YM006WPB PL,"695,00"
Fujitsu Lifebook E449 Black VFY:E4490M330SNC,"625,00"
MSI GL65 Leopard 10SDR-421XPL,"1.199,99"
Lenovo IdeaPad L340-15IRH Gaming 81LK01KLPB PL,"1.136,99"
MSI GE66 Raider GE6610SFS-297NL,"2.199,00"
Lenovo IdeaPad S145-15IIL 81W800DEPB PL,"720,00"
Dell Vostro 5481 Ice Gray N2207VN5481BTPPL01_1905_256 PL,"733,00"
"Microsoft Surface Laptop 3 15"" Black VGZ-00029","1.905,00"
HP EliteBook 845 G7 177C6EA#B1R,"1.160,21"
Lenovo IdeaPad L340-15IRH Gaming 81LK01KHPB,"957,49"
Lenovo IdeaPad 3-15ADA 81W100B9PB PL,"687,49"
Lenovo IdeaPad 3-15 Gaming 120Hz 81Y400JRPB PL,"1.075,00"
Lenovo IdeaPad 3-15ADA 81W100BAPB Grey PL,"668,19"
Dell Inspiron 15 3593 Black 3593-5426,"790,00"
Lenovo IdeaPad S145-15IKB Grey 81VD00AMEU,"553,99"
Lenovo ThinkPad X1 Carbon 7th Gen 20QD00L3MH,"1.851,49"
Lenovo ThinkPad L490 Black 20Q50020MH,"965,00"
HP ProBook 430 G7 Silver 1F3M1EA#B1R,"783,85"
HP ProBook 445 G7 Silver 12X07EA#B1R,"685,69"
Dell Inspiron 14 5401 273405450 Silver EN,"811,33"
Lenovo ThinkPad A285 Black 20MW000JMX,"1.020,00"
MSI GS75 Stealth 10SE-047PL PL,"1.882,40"
HP 250 G7 Silver 14Z89EA#ABB PL,"740,00"
Lenovo ThinkPad L13 Yoga Black 20R5000HMH,"1.285,00"
HP EliteBook 745 G6 6XE86EA#B1R,"1.120,01"
Dell Vostro 3590 Black i3 8/256GB UHD W10P PL,"721,00"
Lenovo IdeaPad 3-15 Gaming 81Y400JDPB PL,"1.055,99"
Lenovo Legion 5-15IMH 82AU00AGPB PL,"1.125,00"
Dell Inspiron 15 3593 Silver 3593-2362 PL,"834,85"
HP EliteBook 735 G6 7KN29EA#B1R,"877,49"
Dell Inspiron 15 3593 Silver i7 8/512GB W10H PL,"956,59"
Lenovo ThinkPad X1 Carbon 7th Gen 20QD00L1PB PL,"1.995,00"
Fujitsu Workstation CELSIUS H780 VFY:H7800M173SNC,"2.515,00"
Lenovo Ideapad 330-15 Platinum 81DJ0009CF_256,"718,36"
Dell G3 15 3590-2082 Black,"1.028,04"
Dell G3 15 3500 273405392 Black EN,"1.310,34"
HP EliteBook x360 1040 G6 7KN39EA#B1R,"1.520,00"
Dell Vostro 3590 Black i7 8/256GB R610 DVD W10P PL,"993,74"
HP Elite Dragonfly 8MK78EA#B1R,"1.657,44"
Lenovo ThinkPad T495 Black 20NK000HMH,"1.685,00"
Lenovo IdeaPad L340-15IRH Gaming 81LK01KMPB PL,"1.006,99"
Lenovo Legion 5-15 Black NH.Q80EP.007,"989,00"
Microsoft Surface Laptop 2 Platinum LQP-00024,"1.475,00"
HP Elitebook 1050 G1 Silver 4QY37EA#B1R,"1.760,00"
Lenovo IdeaPad 3-15ADA 81WE00QXEU,"711,99"
Dell G5 15 5500 273405415 Black EN,"1.699,00"
Lenovo Legion Y540-15IRH 81SX0113PB PL,"1.309,99"
Lenovo Ideapad C340-14IML 81TK00HJPB PL,"910,00"
Lenovo IdeaPad L340-15IRH Gaming 81LK01BRPB PL,"1.009,99"
MSI GE75 Raider GE7510SGS-099NL,"3.299,00"
Dell Vostro 3591 Black i5 8GB 1TB W10P PL,"969,00"
Lenovo IdeaPad L340-15IRH Gaming 81LK00DPPB PL,"910,00"
Dell Vostro 7590 Silver i7 16/512GB W10P PL,"1.725,00"
Lenovo ThinkPad T590 Black 20N5S42400,"908,94"
Dell Vostro 14 3491 Black N401VN3491EMEA01_2101 PL,"740,00"
HP ProBook 440 G7 Silver 9HP81EA,"980,00"
MSI GS66 Stealth GS6610SGS-084NL,"3.699,00"
"Microsoft Surface Book 3 13.5"" Platinum SLK-00009","2.783,82"
Dell Vostro 3590 Black i3 4GB 1TB UHD DVD W10P PL,"720,00"
Lenovo ThinkPad T590 Black 20N5S42200,"844,13"
Dell Inspiron 15 5501 Grey N7500VN5501EMEA01_2101,"980,45"
Dell Inspiron 15 3593 Black 3593-5464,"742,19"
Dell G3 15 3500-4182 White PL,"1.097,88"
Lenovo ThinkPad T15 Gen 1 20S6002YMH,"1.519,54"
Lenovo ThinkPad T495 Black 20NJ0016MH,"1.263,40"
HP Zbook 14u G5 2ZC34EA#AKD,"1.611,66"
"Dell Mobile Precision 7550 15"" Grey N004P7550EMEA_VI PL","2.994,71"
Dell Inspiron 14 5401 Silver 5401-9060 PL,"929,84"
Dell Inspiron 14 5401-9046 Silver PL,"1.194,79"
Dell Precision 3540 Mobile Workstation Grey M3540050301E,"1.219,00"
"Dell Latitude 9510 15"" Silver N004L9410142in1EMEA Silver EN","2.175,00"
Lenovo ThinkPad X1 Yoga 4 Iron Gray 20QG001HMH,"2.860,00"
Dell Vostro 5490 Grey i5 8/256GB W10P PL,"893,00"
Fujitsu Workstation CELSIUS H780 VFY:H7800M172SNC,"2.290,00"
DELL Inspiron 5570 Black 5570-2883,"956,59"
Lenovo V340 Iron Grey 81RG000XMX PL,"882,74"
Toshiba Dynabook Satellite Pro L50-G-1GF PBS12E-03W03GPL,"843,58"
Dell G3 15 3590-8698 Black PL,"1.265,00"
Lenovo ThinkPad P14s Gen 1 20S4003HMH,"2.024,67"
Lenovo ThinkPad T14 Black 20S0000KMH,"1.505,00"
Lenovo IdeaPad 3-15IIL Grey 81WE0057RM,"837,47"
"Microsoft Surface Laptop 3 13.5"" Black PLJ-00008 PL","2.505,00"
"Microsoft Surface Book 2 13.5"" PGU-00013 PL","1.973,07"
Lenovo ThinkPad L13 Yoga Black 20R50002PB PL,"1.020,75"
Lenovo ThinkPad T495 Black 20NJ0019MH,"1.238,23"
Lenovo ThinkPad E15 Black 20RD001FPB PL,"960,00"
Toshiba Dynabook Portege X30L PUZ20E-21H02CPL,"1.600,00"
HP 250 G7 Silver 6MT01EU PL,"646,91"
HP EliteBook 735 G6 6XE79EA#B1R PL,"1.116,76"
Lenovo ThinkPad X1 Yoga 4 Iron Gray 20QF00ABPB PL,"2.325,00"
HP 250 G7 Silver 6BP03EA PL,"965,00"
Dell Inspiron 14 5401-9022 Silver PL,"1.147,15"
Dell Vostro 3591 Black N306ZBVN3591EMEA01_2101,"790,00"
Arvuti Huawei MateBook D15 R5 W10 Grey,"789,00"
Lenovo IdeaPad 3-15IMH Gaming 81Y400JCPB,"850,00"
Lenovo ThinkPad L14 Gen 1 20U50002MH EN,"835,00"
Dell Precision 3551 Mobile Workstation Silver 273403262,"1.472,69"
Dell G3 15 3500 273405388 Black EN,"1.199,93"
Lenovo IdeaPad L340-15IRH Gaming 81LK01BTPB PL,"889,99"
Dell Latitude 3510 N011L351015EMEA,"929,84"
Lenovo ThinkPad T15 Gen 1 20S60030MH,"1.660,00"
"Microsoft Surface Laptop 3 15"" Platinum RDZ-00008 PL","1.795,00"
Dell Vostro 5490 Grey i7 8/256GB MX250 W10P PL,"1.230,00"
Dell Latitude 5400 Black N013L540014EMEA,"996,01"
Dell G7 17 7700 144Hz 273446054,"1.889,68"
Dell Vostro 14 5401 Grey N6001VN5401EMEA01_2101_ubu,"680,30"
Lenovo ThinkPad T14s Gen 1 Black 20UJ0012MH PL,"1.547,75"
Dell Inspiron 14 5401 Silver 5401-9039,"1.028,04"
HP EliteBook 840 G7 Silver 1J5U4EA#B1R,"1.532,45"
HP 250 G7 Black 14Z92EA PL,"905,00"
Dell Latitude 5410 Silver S001L541014PL,"1.013,87"
Lenovo IdeaPad 3-15IMH 81Y400JPPB,"1.000,00"
Lenovo Legion Y540-15IRH 81SX010YPB PL,"1.110,00"
Fujitsu Lifebook E549 VFY:E5490M451FBA,"729,48"
Fujitsu Lifebook U729 Black PCK:U7290MP001BA,"867,71"
Lenovo ThinkBook 13s 20RR0004PB PL,"1.055,76"
Lenovo ThinkPad T490 Black 20N2005UMH,"1.065,00"
Lenovo ThinkPad T490 Black 20N2005TMH,"1.640,92"
Fujitsu Lifebook U7510 Black VFY:U7510MC7KNNC,"1.268,82"
HP EliteBook 840 G7 Silver 1J5W1EA#B1R,"1.776,32"
Lenovo ThinkPad X1 Carbon 8th Gen 20U9006LMH PL,"2.609,00"
Acer TravelMate P645 NX.VAFEL.003,"1.130,00"
Lenovo IdeaPad 3-14ADA Grey PL,"687,49"
Lenovo IdeaPad 3-15IMH Gaming 120Hz 81Y400JAPB PL,"915,57"
HP 250 G7 Black 3C100EA PL,"694,54"
Lenovo ThinkPad X390 Black 20Q0005NPB PL,"1.490,00"
HP EliteBook 840 G6 7KP13EA#B1R,"1.073,38"
Lenovo ThinkBook 13s 20RR0007PB PL,"925,00"
HP EliteBook x360 1030 G4 Silver 7YL50EA#B1R,"1.755,00"
Lenovo ThinkPad E14 Black 20RA000WPB PL,"837,49"
Lenovo ThinkPad X1 Carbon 7th Gen 20QD00KSMH,"2.069,73"
Lenovo ThinkPad L490 Black 20Q50021MH,"845,00"
HP EliteBook x360 1040 G6 7KN26EA#B1R,"1.525,25"
Dell G5 15 5500-6766 Black PL,"2.028,53"
Lenovo Ideapad S540-14API 81NF00G3PB,"957,49"
Lenovo ThinkPad P14s Gen 1 20S4001BMH,"1.870,68"
Dell G3 15 3500 273405386 Black EN,"1.306,79"
Dell Latitude 5411 Grey N004L541114EMEA,"1.365,00"
"Apple MacBook Pro 13.3"" Retina with Touch Bar QC / i5 1.4GHz / 8GB / 256 SSD / ENG Space Grey","1.684,23"
Lenovo ThinkPad T15 Gen 1 20S6002XMH,"1.420,00"
Lenovo ThinkPad X1 Carbon Gen 8 20U90046MH,"2.540,00"
HP EliteBook 830 G6 6XD27EA#B1R,"950,00"
Lenovo IdeaPad L340-15IRH Gaming 81LK01CFPB PL,"1.000,00"
HP ProBook 430 G7 Silver 8VT36EA#B1R,"829,67"
Dell Vostro 3590 Black i7 8/256GB W10P PL,"1.017,56"
Lenovo ThinkPad X395 Black 20NL000JPB PL,"1.025,00"
Lenovo ThinkPad L13 Silver 20R30006PB PL,"986,55"
Lenovo ThinkPad X1 Carbon 7th Gen 20QD00KPPB PL,"1.605,00"
Lenovo ThinkPad X1 Yoga 4 Iron Gray 20QF00B4PB PL,"1.820,00"
MSI GE65 Raider 9SF-071PL PL,"2.330,00"
Lenovo ThinkPad X1 Carbon 7th Gen 20QD00L1MH,"2.270,12"
Lenovo ThinkPad T490 Black 20N2005VMH,"1.355,00"
Lenovo ThinkPad T590 Black 20N4004EMH,"1.425,00"
Dell Vostro 14 5401 Grey N4113NVN5401EMEA01_2101_ubu,"866,60"
Fujitsu Lifebook E459 Black VFY:E4590M431FBA,"615,93"
Lenovo ThinkPad P1 Gen 3 Black 20TH000VMH,"2.790,28"
Lenovo Ideapad S540-13 81XA007TPB PL,"1.104,99"
"Dell Latitude 7410 14"" N008L741014EMEA Gray","1.640,00"
Lenovo IdeaPad 3-15ILL 81WE00MQLT EN,"579,99"
Dell G3 15 3500-4267 White PL,"1.022,01"
Dell Latitude 5411 Grey N001L541114EMEA,"1.135,00"
Lenovo Legion Y540-15IRH 81SY00Q8PB PL,"1.025,00"
Lenovo Legion Y540-15IRH 81SX0116PB PL,"1.186,00"
Lenovo ThinkPad X1 Yoga 4 Iron Gray 20UB002TMH,"2.198,98"
Lenovo ThinkPad T14 Black 20S0000LMH,"1.635,00"
Lenovo ThinkPad T14s Gen 1 20T0001YMH,"2.240,00"
"Microsoft Surface Book 3 13.5"" Platinum V6F-00009 PL","1.768,67"
Lenovo ThinkBook 14 Grey 20SL000MPB PL,"943,99"
Lenovo ThinkPad T490s Black 20NX007HMH,"1.980,00"
Fujitsu Lifebook U759 VFY:U7590M451FBA,"806,00"
Dell Inspiron 14 5491 2-in-1 Silver 273282387,"755,00"
Dell Latitude 5401 Black N003L540114EMEA,"1.105,00"
Dell Latitude 3400 Black N016L340014EMEA,"885,73"
MSI GL65 Leopard 10SCSR-047XPL,"998,61"
Dell Vostro 14 5401 Grey N6003NVN5401EMEA01_2101_ubu,"992,34"
MSI Creator 17 A10SGS-098NL,"3.981,98"
Lenovo ThinkPad P15 Gen1 Black 20ST001TMH,"3.586,27"
Dell Vostro 14 5401 Grey N5111VN5401EMEA01_2101 PL,"916,09"
Lenovo ThinkPad P14s Gen 1 20T00059MH PL,"2.223,94"
Arvuti Acer Aspire 7 A715-41G Black,"899,00"
Lenovo ThinkPad X1 Carbon Gen 8 20U9004MMH,"2.487,47"
Dell Latitude 5410 Silver N001L541014EMEA,"1.025,00"
Lenovo ThinkPad T15 Gen 1 20S6000NPB PL,"1.344,65"
Lenovo ThinkPad T14 Black 20S0000FMH,"1.375,00"
Lenovo Legion Y540-15IRH 81SX010JPB PL,"1.120,00"
Lenovo ThinkPad L13 Black 20R30008PB PL,"1.020,75"
Lenovo ThinkPad T495s Black 20QJ000CPB PL,"1.429,18"
Lenovo ThinkPad X1 Carbon 7th Gen 20QD00L2PB PL,"1.855,00"
Lenovo ThinkPad X390 Black 20Q00055MH,"1.555,00"
Lenovo ThinkPad X390 Yoga Black 20NN002JMH,"1.520,00"
ASUS TUF Gaming FX505 FX505DV-HN242T PL,"1.081,94"
Dell G7 17 7700 144Hz 273446051,"2.336,56"
Dell Precision 3551 Mobile Workstation Silver 273446263,"1.932,15"
Dell G5 15 5500-6728 Black PL,"1.433,00"
Lenovo ThinkPad P15 Gen1 Black 20ST0024MH,"2.302,73"
Lenovo ThinkPad X1 Carbon 8th Gen 20U9006HMH PL,"2.329,00"
HP EliteBook x360 1040 G6 9VZ01EA#B1R PL,"2.014,62"
Lenovo IdeaPad L340-15IRH Gaming 81LK01KFPB PL,"1.007,99"
Dell Inspiron 15 5501 Silver 5501-9152 PL,"1.075,69"
Lenovo ThinkPad X1 Yoga 5 Iron Gray 20UB002NPB,"2.710,37"
Lenovo ThinkPad X1 Carbon 8th Gen 20U9004HPB,"2.905,00"
Lenovo ThinkPad X1 Yoga 5 Iron Gray 20UB002NMH,"2.590,00"
"Microsoft Surface Book 3 13.5"" Platinum SKR-00009","2.290,28"
Lenovo ThinkPad X1 Carbon Gen 8 20U90048MH,"1.940,00"
Lenovo ThinkPad E14 Black 20RA001XPB PL,"973,85"
HP ProBook 440 G7 Silver 8VU13EA#B1R,"764,22"
"Microsoft Surface Laptop 3 13.5"" Platinum V4C-00008","1.429,27"
Lenovo ThinkPad X1 Yoga 4 Iron Gray 20QF00AEPB PL,"2.030,00"
Dell Vostro 5490 Grey i5 8/256GB MX230 W10P PL,"1.016,00"
Lenovo ThinkPad T490s 20NX0055MH,"1.649,00"
Asus TUF Gaming A15 FA506IV-AL038T,"1.452,79"
Lenovo ThinkPad X1 Carbon 8th Gen 20U9006GMH PL,"2.199,00"
Lenovo IdeaPad L340-15IRH Gaming 81LK01KKPB,"1.031,49"
Lenovo ThinkPad X390 Black 20Q00057MX,"1.695,00"
Dell Inspiron 15 3593 Black 3593-0170,"920,00"
Dell Latitude 7310 Black N020L731013EMEA,"1.725,86"
Lenovo ThinkPad T14 Black 20S00012PB PL,"1.382,18"
Lenovo ThinkPad X13 Gen 1 20T2002MMH,"1.355,00"
Lenovo ThinkPad X13 Gen 1 20T2002SMH,"1.425,00"
Dell Vostro 3591 Black i5 8/256GB W10P PL,"961,00"
HP EliteBook 745 G6 7KN28EA#B1R,"877,49"
Lenovo ThinkPad X1 Yoga 4 Iron Gray 20QF00ADPB PL,"2.335,00"
Lenovo ThinkPad X1 Yoga 4 Iron Gray 20QF00ACPB PL,"1.645,00"
Lenovo ThinkPad T490 Black 20N2006FPB PL,"1.620,00"
Lenovo ThinkPad E14 Silver 20RA0015PB PL,"950,00"
Dell Latitude 3301 Grey N021L330113EMEA,"1.025,00"
Lenovo V130-14 Grey 81HQ00MMMX_128+1TB PL,"571,52"
HP 250 G7 Silver 150B6EA#ABB,"782,92"
Dell Vostro 14 5401 Grey N6003NVN5401EMEA01_2101_pro,"1.104,12"
Dell G5 15 5500-6803 Black PL,"1.290,08"
HP EliteBook 830 G7 1J5V9EA#B1R,"1.366,36"
Lenovo ThinkPad X13 Gen 1 20UF000MMH,"1.721,97"
Lenovo ThinkPad P15 Gen1 Black 20ST001RMH,"2.808,84"
HP EliteBook 830 G7 1J5T9EA#B1R,"1.405,26"
Lenovo ThinkPad X1 Carbon 8th Gen 20U90042PB,"2.245,44"
Lenovo ThinkPad X390 Black 20Q0005VMX PL,"1.740,00"
Lenovo ThinkPad T490s Black 20NX007XMX,"1.190,00"
Dell Vostro 14 3491 Black N1109PVN3491EMEA01_2101_512 PL,"895,00"
Dell G5 15 5500 273405418 Black EN,"1.996,36"
Lenovo ThinkPad L14 Gen 1 20U1000VMH,"1.060,00"
Lenovo ThinkPad X1 Carbon 7th Gen 20QD00M5PB PL,"2.305,00"
Lenovo ThinkPad X390 Black 20Q0005PPB PL,"1.525,00"
Lenovo ThinkPad X1 Carbon 7th Gen 20QD00M6MH,"2.144,28"
Fujitsu Lifebook U749 VFY:U7490M451FBA,"806,00"
Dell Latitude 5401 Black N001L540114EMEA PL,"1.105,00"
Lenovo ThinkPad T490s 20NX0078MH,"1.919,00"
Dell Latitude 5300 Black N010L530013EMEA,"1.090,17"
Dell Latitude 5500 Black N017L550015EMEA,"1.290,08"
HP ZBook 14u G5 2ZC32ES,"1.373,45"
MSI GL75 Leopard 10SCSR-036XPL PL,"975,91"
MSI GE66 Raider 10SF-274PL PL,"2.127,71"
HP 470 G7 9TX51EA PL,"956,59"
Lenovo ThinkPad P15 Gen1 Black 20ST001VMH,"3.859,02"
Lenovo V130-15IGM Iron Grey 81HL0023EU,"412,49"
Dell Vostro 14 5401 Grey N5111VN5401EMEA01_2101_ubu,"758,54"
Dell Latitude 3310 Touch N005L3310132IN1EMEA_VI,"796,48"
Fujitsu LifeBook U7410 VFY:U7410M172FBA,"1.208,35"
Lenovo ThinkPad T14s Gen 1 Black 20T00056MH PL,"1.499,00"
Lenovo ThinkPad X1 Yoga 5 Iron Gray 20UB004FMH PL,"2.427,99"
HP EliteBook x360 1030 G4 Silver 9VY99EA#B1R,"2.014,62"
Lenovo ThinkPad X13 Gen 1 20T2002MPB,"1.479,87"
Lenovo IdeaPad 3-14ADA Grey 81W00053PB PL,"619,99"
Dell Latitude 5310 Grey N004L531013EMEA,"1.100,00"
Dell Latitude 3410 Black N014L341014EMEA,"1.000,00"
HP EliteBook 840 G6 i5 8/256GB W10P,"1.216,54"
Lenovo ThinkPad T14 Black 20S00011PB PL,"1.415,67"
Dell Latitude 3510 Black N017L351015EMEA PL,"1.240,23"
Lenovo ThinkPad T15 Gen 1 20S60023PB PL,"2.020,00"
Lenovo ThinkPad L14 Gen 1 20U10011MH,"1.073,15"
Lenovo ThinkPad T14s Gen 1 20T0001UMH,"1.795,27"
Lenovo ThinkPad T14s Gen 1 20T0001NMH,"1.600,00"
Lenovo ThinkPad T14s Gen 1 20T0001JMH,"1.439,58"
Arvuti Asus ZenBook 14 UX433FAC Blue,"1.199,00"
Lenovo ThinkPad X1 Carbon 7th Gen 20QD00M5MH,"2.345,00"
Lenovo ThinkPad L490 Black 20Q50027PB PL,"810,49"
Lenovo ThinkPad X390 Black 20Q00060MH,"2.086,74"
Lenovo ThinkPad X390 Black 20Q00057MH,"1.700,00"
HP EliteBook 830 G6 6XE59EA#B1R,"1.025,00"
Dell Latitude 7300 Carbon Fiber 273185417,"1.178,53"
Dell Precision 5750 273446187 PL,"3.529,34"
HP EliteBook 745 G6 6XE86EA PL,"1.094,05"
MSI GE75 Raider 10SF-276PL PL,"2.173,16"
Asus ROG Strix SCAR III G531GW-AL099T PL,"1.651,82"
Lenovo ThinkPad T15 Gen 1 20S6005JMH PL,"2.047,83"
Lenovo ThinkPad P17 20SN0023MH PL,"3.716,48"
Dell G5 15 5500 Black 144Hz 273446050,"1.229,07"
Dell G5 15 5500 Black 120Hz 273446059,"1.063,92"
Lenovo ThinkPad L14 Gen 1 20U1002VMH PL,"991,92"
Dell G7 17 7700 300Hz 273446052,"2.629,97"
Dell Vostro 14 5401 Grey N4111VN5401EMEA01_2101_pro,"913,16"
Dell Vostro 14 5401 Grey N4105BPVN5401EMEA01_2101_ubu,"758,54"
Dell Vostro 14 5401 Grey N6001VN5401EMEA01_2101_pro,"792,07"
Lenovo ThinkPad X390 Yoga Black 20NN00FDMX,"1.175,00"
Lenovo ThinkPad T14s Gen 1 Black 20T00058MH PL,"1.733,70"
HP EliteBook 830 G7 1J5T8EA#B1R,"1.205,00"
Fujitsu Lifebook E5510 Black PCK:E5510MC5GNNC,"936,82"
Lenovo ThinkPad X1 Yoga 5 Iron Gray 20UB002LPB,"2.500,00"
Dell Latitude 5410 Silver N024L541014EMEA,"1.329,03"
Lenovo ThinkPad T14s Gen 1 20T0001EPB PL,"1.900,00"
Lenovo ThinkPad T490s Black 20NX007GPB PL,"2.028,49"
Fujitsu Lifebook U759 VFY:U7590M431FBA,"953,30"
Lenovo ThinkPad T490s Silver 20NX006TPB PL,"1.575,93"
Lenovo ThinkPad T495 Black 20NJ0011PB PL,"1.285,00"
Lenovo ThinkPad X1 Carbon 7th Gen 20QD00KUPB PL,"2.109,24"
Lenovo ThinkPad X1 Yoga 4 Iron Gray 20QF00A9PB PL,"1.595,00"
Lenovo ThinkPad X1 Carbon 7th Gen 20QD00KWPB PL,"2.030,00"
Lenovo ThinkPad E14 Black 20RA001MPB PL,"1.077,47"
HP EliteBook 840 G6 7KP12EA#B1R,"1.052,84"
Lenovo ThinkPad T490s 20NX006SMH,"1.425,00"
Lenovo ThinkPad T490 Black 20N20076MH,"1.565,00"
Lenovo ThinkPad X390 Yoga Black 20NN00FDMH,"1.175,00"
Fujitsu Lifebook U749 VFY:U7490M454SNC,"1.035,56"
Lenovo ThinkPad E490 Black 20N8005EPB,"655,00"
Dell Precision 5750 273446186 PL,"2.811,85"
HP ZBook 15v G5 Silver 4QH61EA PL,"1.571,11"
Dell Inspiron 5400-6568 PL,"957,73"
Asus ROG Strix G15 G512LWS-AZ050 PL,"2.121,94"
Lenovo ThinkPad X13 Gen 1 20T2006KMH PL,"1.370,66"
MSI GS66 Stealth 10SGS-024PL PL,"3.377,22"
Dell G7 17 7700 300Hz 273446053,"2.272,67"
HP EliteBook 845 G7 229R2EA#B1R,"1.545,28"
Lenovo ThinkPad T14s Gen 1 Black 20UJ0018MH,"1.672,38"
Lenovo ThinkPad P14s Gen 1 20S40049MH PL,"1.915,55"
Dell G5 15 5500 Black 144Hz 273446061,"1.326,22"
Lenovo ThinkPad T14s Gen 1 Black 20UJ0017MH,"1.721,87"
Dell Latitude 3310 Touch N007L3310132IN1EMEA_VI,"921,47"
Lenovo ThinkPad L14 Gen 1 20U1002XMH,"991,92"
Lenovo ThinkPad X1 Carbon 8th Gen 20QD00L3MX,"1.755,00"
Fujitsu Lifebook U7310 Black VFY:U7310M15A0NC,"1.182,43"
Lenovo ThinkPad X1 Yoga 5 Iron Gray 20UB002LMH PL,"2.375,00"
Lenovo ThinkPad X1 Yoga 5 Iron Gray 20UB004EMH PL,"2.225,55"
Lenovo ThinkPad X1 Yoga 5 Iron Gray 20UB004DMH PL,"2.048,53"
Lenovo ThinkPad X1 Carbon 8th Gen 20U9004LMH PL,"2.360,94"
Fujitsu Lifebook U7310 Black VFY:U7310MC5HNNC,"1.170,08"
Lenovo ThinkPad T14 Black 20S00049PB,"1.455,00"
Lenovo ThinkPad X13 Gen 1 20T2002RMH,"1.745,00"
Lenovo ThinkPad X1 Carbon Gen 8 20U90043MH,"2.170,99"
MSI GL75 Leopard 10SCSR-003XPL,"911,63"
Lenovo ThinkPad T490 Black 20N2007JPB PL,"1.730,00"
Lenovo ThinkPad T490 Black 20N2006KPB PL,"1.806,99"
Fujitsu Lifebook U749 VFY:U7490M431FBA,"953,30"
Lenovo ThinkPad T490s Black 20NX007XMH,"1.751,03"
Lenovo ThinkPad X390 Black 20Q0005VMH PL,"1.745,00"
Lenovo ThinkPad T495 Black 20NJ000XPB PL,"1.155,00"
Dell Vostro 3590 Black i5 8/256GB DVD W10P PL,"955,00"
Lenovo ThinkPad T490 Black 20N2006JPB PL,"1.647,39"
Lenovo ThinkPad T490s 20NX0076MH,"1.770,00"
Lenovo ThinkPad X390 Black 20Q00056MH,"1.475,00"
Fujitsu Lifebook E459 Black VFY:E4590M330SNC,"625,00"
Asus ZenBook 14 UM425IA-AM022R Pine Gray PL,"950,35"
HP ZBook 15u G5 2ZC05EA PL,"1.321,22"
Dell Inspiron 5400 5400-6605 PL,"1.230,35"
Dell Inspiron 5400-664 PL,"1.048,61"
Dell Inspiron 5400 5400-6681 PL,"1.184,92"
Lenovo ThinkPad P14s Gen 1 20S4003KMH,"2.533,22"
Dell Vostro 14 5401 Grey N4105BPVN5401EMEA01_2101_pro,"873,58"
"Dell Mobile Precision 7550 15"" Grey 273446264 PL","2.779,56"
HP ProBook 440 G7 8VU48EA PL,"912,30"
HP Elitebook 1050 G1 Silver 3ZH18EA,"1.457,53"
Dell Latitude 3310 Touch N005L3310132in1EMEA PL,"824,35"
HP ZBook 15 G5 2ZC42EA#ABB,"2.048,20"
Asus ROG Strix SCAR 15 G532LV-AZ042 PL,"1.711,51"
Dell Vostro 14 5401 Grey N4106NVN5401EMEA01_2101_pro,"824,68"
Lenovo ThinkPad X13 Gen 1 20T2006LMH PL,"1.511,21"
Lenovo X13 Yoga Gen 1 20SX001CMH PL,"2.050,38"
Lenovo X13 Yoga Gen 1 20SX003CMH PL,"1.932,83"
Lenovo ThinkPad X13 Gen 1 20T2006PMH PL,"1.702,85"
Lenovo ThinkPad T15 Gen 1 20S6005FMH PL,"1.396,21"
Lenovo ThinkPad T15 Gen 1 20S6003MMH PL,"2.248,42"
Lenovo ThinkPad T15 Gen 1 20S6005HMH PL,"1.536,76"
Lenovo ThinkPad T14s Gen 1 Black 20T0001SMH,"2.197,32"
"Dell Latitude 7410 14"" N022L741014EMEA Gray","1.741,27"
Lenovo ThinkPad T15 Gen 1 20S6005GMH PL,"1.319,55"
Lenovo ThinkPad T14s Gen 1 Black 20T0003YPB,"2.004,70"
Lenovo ThinkPad T14 Black 20S0007LMH PL,"1.751,07"
Lenovo ThinkPad T14 Black 20S00076MH PL,"1.598,25"
Lenovo ThinkPad P15 Gen1 Black 20ST0065MH PL,"2.490,00"
Dell G5 15 5500 Black 144Hz 273446060,"1.796,27"
Lenovo ThinkPad P15v Black 20TQ003HMH PL,"2.340,70"
Lenovo ThinkPad T14 Black 20S00073MH PL,"1.333,78"
Lenovo ThinkPad T14 Black 20S00075MH PL,"1.404,73"
Lenovo ThinkPad P15 Gen1 Black 20ST0061MH PL,"3.180,83"
HP EliteBook 845 G7 229R1EA#B1R,"1.340,43"
Lenovo ThinkPad P15 Gen1 Black 20ST0064MH PL,"2.328,04"
HP EliteBook 840 G7 1J6E0EA#B1R,"1.391,25"
Dell Vostro 14 5401 Grey N4111VN5401EMEA01_2101_ubu,"801,39"
Dell Vostro 14 5401 Grey N4113NVN5401EMEA01_2101_pro,"983,03"
HP EliteBook 850 G7 1J5X5EA#B1R,"1.405,26"
Fujitsu LifeBook U7510 VFY:U7510M152FBA,"1.055,30"
Lenovo ThinkPad T14s Gen 1 Black 20T00055MH PL,"1.578,89"
Lenovo ThinkPad P15 Gen1 Black 20ST001YMH,"2.505,18"
Toshiba Dynabook Portege X30-G-12P PUR41E-0HT00VPL,"1.662,35"
Lenovo ThinkPad T14 Black 20S0000MPB PL,"2.105,00"
Lenovo ThinkPad T14 Black 20S0000LPB PL,"1.885,00"
Lenovo ThinkPad T490 Black 20N2007HPB PL,"1.623,57"
HP 340S G7 Silver 8VV01EA PL,"860,00"
Lenovo ThinkPad L13 Yoga Black 20R50008MH,"1.105,00"
Lenovo ThinkPad T490 Black 20N2006HPB PL,"1.597,99"
Lenovo ThinkPad T490 Black 20N2006EPB PL,"1.409,18"
Lenovo ThinkPad T490 Black 20N2006BPB PL,"1.720,99"
Lenovo ThinkPad T490 Black 20N2006CPB PL,"1.625,00"
Lenovo ThinkPad P43s Black 20RH001CPB PL,"2.266,74"
MSI GL75 Leopard 10SCXR-028XPL,"959,13"
MSI GL75 Leopard 10SCSR-027XPL PL,"938,57"
Lenovo IdeaPad 3-15IML05 81WB007DEU,"707,83"
Dell G7 17 7700-7008 144Hz PL,"1.889,17"
Dell G7 17 7700-6889 300Hz PL,"2.275,39"
Dell G7 17 144Hz 7700-6841 PL,"1.911,90"
Asus VivoBook 15 X509JA-EJ238 Gray,"531,86"
Dators Lenovo IP 3 I3 256GB W10,"619,00"
Dators Asus 15 A512JA I3 256GB W10,"629,00"
Dators Lenovo IP C340-14 I5 DOS,"799,00"
Dators DELL Vostro 3491 i3 W10,"649,00"
Arvuti Lenovo Ideapad 3 CEL 5205 W10,"429,00"
Dators Dell Inspiron 15 3593 i3 DOS,"699,00"
Lenovo ThinkBook 15 IIL 20SM008BMH,"1.017,22"
Lenovo IdeaPad S145-15IKB Grey 81VD00AREU,"562,00"
Lenovo ThinkPad L14 Gen 1 20U1000WMH,"958,69"
Dell Vostro 3591 Black i5 8/512GB W10P PL,"849,00"
Lenovo ThinkPad L13 Black 20R3000AMH,"1.040,00"
Dell Vostro 3590 Black i3 8/256GB DVD UHD W10P PL,"756,00"
