name,price,link
"
Lenovo IdeaPad L340-15IRH Gaming 81LK00ULLT
","885,00",https://www.1a.lv/p/lenovo-ideapad-l340-15irh-gaming-81lk00ullt/7g4t
"
HP 250 G7 Black 6UL79EA PL
","459,00",https://www.1a.lv/p/lenovo-ideapad-l340-15irh-gaming-81lk00ullt/7g4t
"
Dell Inspiron 15 5593 Silver 273256761
","660,00",https://www.1a.lv/p/lenovo-ideapad-l340-15irh-gaming-81lk00ullt/7g4t
"
Lenovo IdeaPad L340-15IRH Gaming 81LK012ULT
","689,00",https://www.1a.lv/p/lenovo-ideapad-l340-15irh-gaming-81lk00ullt/7g4t
"
ASUS TUF Gaming FX505DU-AL083R Gold Steel
","1.097,00",https://www.1a.lv/p/lenovo-ideapad-l340-15irh-gaming-81lk00ullt/7g4t
"
Lenovo IdeaPad S145-15IWL Full HD SSD Whiskey Lake i3 W10
","428,00",https://www.1a.lv/p/lenovo-ideapad-l340-15irh-gaming-81lk00ullt/7g4t
"
Lenovo IdeaPad L340-15IRH Gaming 81LK00YTPB
","736,00",https://www.1a.lv/p/lenovo-ideapad-l340-15irh-gaming-81lk00ullt/7g4t
"
Lenovo Legion Y540-15IRH 81SX00MWLT
","893,00",https://www.1a.lv/p/lenovo-ideapad-l340-15irh-gaming-81lk00ullt/7g4t
"
Lenovo IdeaPad S145-15IGM Grey 81MX007LLT
","356,00",https://www.1a.lv/p/lenovo-ideapad-l340-15irh-gaming-81lk00ullt/7g4t
"
Lenovo V15-IIL 82C50075MH
","565,00",https://www.1a.lv/p/lenovo-ideapad-l340-15irh-gaming-81lk00ullt/7g4t
"
Lenovo Ideapad L340-17IRH Gaming Black 81LK00AYPB PL
","794,00",https://www.1a.lv/p/lenovo-ideapad-l340-15irh-gaming-81lk00ullt/7g4t
"
Asus TUF Gaming FX705DU-AU033R
","1.132,00",https://www.1a.lv/p/lenovo-ideapad-l340-15irh-gaming-81lk00ullt/7g4t
"
HP 250 G7 Silver 6BP03EA#ABB
","661,00",https://www.1a.lv/p/lenovo-ideapad-l340-15irh-gaming-81lk00ullt/7g4t
"
Acer Nitro 5 AN515-43 Black NH.Q6NEP.001
","649,00",https://www.1a.lv/p/lenovo-ideapad-l340-15irh-gaming-81lk00ullt/7g4t
"
Asus VivoBook 14 X403FA-EB139T Silver Blue
","599,00",https://www.1a.lv/p/lenovo-ideapad-l340-15irh-gaming-81lk00ullt/7g4t
"
Lenovo Ideapad 330S-15 Full HD SSD Kaby Lake i3 W10
","486,00",https://www.1a.lv/p/lenovo-ideapad-l340-15irh-gaming-81lk00ullt/7g4t
"
Notebook Acer Aspire 5 A515-43G Black
","590,00",https://www.1a.lv/p/lenovo-ideapad-l340-15irh-gaming-81lk00ullt/7g4t
"
Lenovo IdeaPad L340-15IRH Gaming 81LK00YUPB PL
","878,00",https://www.1a.lv/p/lenovo-ideapad-l340-15irh-gaming-81lk00ullt/7g4t
"
Lenovo ThinkBook 15 Gray 20SM000GMH
","984,00",https://www.1a.lv/p/lenovo-ideapad-l340-15irh-gaming-81lk00ullt/7g4t
"
Asus TUF Gaming FX705DU-H7087 PL
","985,00",https://www.1a.lv/p/lenovo-ideapad-l340-15irh-gaming-81lk00ullt/7g4t
"
Lenovo IdeaPad L340-15IRH Gaming i5 8/512GB GTX1050 DOS
","689,00",https://www.1a.lv/p/lenovo-ideapad-l340-15irh-gaming-81lk00ullt/7g4t
"
Lenovo V340 Iron Grey 81RG000FMH
","785,00",https://www.1a.lv/p/lenovo-ideapad-l340-15irh-gaming-81lk00ullt/7g4t
"
Dell G3 15 3590 Black 273282437
","740,00",https://www.1a.lv/p/lenovo-ideapad-l340-15irh-gaming-81lk00ullt/7g4t
"
Lenovo Legion Y540-15IRH 81SX00MSLT
","950,00",https://www.1a.lv/p/lenovo-ideapad-l340-15irh-gaming-81lk00ullt/7g4t
"
Asus ZenBook UX434FLC-A5305T Silver
","1.245,00",https://www.1a.lv/p/lenovo-ideapad-l340-15irh-gaming-81lk00ullt/7g4t
"
Lenovo ThinkPad E595 Black 20NF001HMH
","741,00",https://www.1a.lv/p/lenovo-ideapad-l340-15irh-gaming-81lk00ullt/7g4t
"
HP 250 G7 Silver 6BP19EA#ABB
","609,00",https://www.1a.lv/p/lenovo-ideapad-l340-15irh-gaming-81lk00ullt/7g4t
"
Lenovo Ideapad L340-17API Black R3 4/256GB W10H PL
","531,00",https://www.1a.lv/p/lenovo-ideapad-l340-15irh-gaming-81lk00ullt/7g4t
"
Lenovo Ideapad C340-14IML 81TK00BTPB PL
","596,00",https://www.1a.lv/p/lenovo-ideapad-l340-15irh-gaming-81lk00ullt/7g4t
"
Lenovo Legion Y540-15IRH 81SX00QDPB PL
","1.126,00",https://www.1a.lv/p/lenovo-ideapad-l340-15irh-gaming-81lk00ullt/7g4t
"
Asus ZenBook 13 UX333FAC A3107T Silver
","826,00",https://www.1a.lv/p/lenovo-ideapad-l340-15irh-gaming-81lk00ullt/7g4t
"
Lenovo Ideapad S540-15IML Grey 81NG002RPB PL
","649,00",https://www.1a.lv/p/lenovo-ideapad-l340-15irh-gaming-81lk00ullt/7g4t
"
Lenovo IdeaPad S145-14IIL Black 81W6003QPB PL
","623,00",https://www.1a.lv/p/lenovo-ideapad-l340-15irh-gaming-81lk00ullt/7g4t
"
Dell Vostro 3591 Black i5 8/512GB W10P PL
","726,00",https://www.1a.lv/p/lenovo-ideapad-l340-15irh-gaming-81lk00ullt/7g4t
"
Lenovo Ideapad L340-17IRH Gaming Black 81LL0042PB PL
","808,00",https://www.1a.lv/p/lenovo-ideapad-l340-15irh-gaming-81lk00ullt/7g4t
"
Dell Vostro 14 3490 Black N1107VN3490EMEA01
","639,00",https://www.1a.lv/p/lenovo-ideapad-l340-15irh-gaming-81lk00ullt/7g4t
"
Asus VivoBook 14 X412DA-EK327T Silver PL
","531,00",https://www.1a.lv/p/lenovo-ideapad-l340-15irh-gaming-81lk00ullt/7g4t
"
Lenovo IdeaPad S145-15IIL 81W80070PB
","547,00",https://www.1a.lv/p/lenovo-ideapad-l340-15irh-gaming-81lk00ullt/7g4t
"
Lenovo Ideapad C340-14IML 81TK00BYPB PL
","542,00",https://www.1a.lv/p/lenovo-ideapad-l340-15irh-gaming-81lk00ullt/7g4t
"
Lenovo IdeaPad S145-15IIL 81W80071PB PL
","669,00",https://www.1a.lv/p/lenovo-ideapad-l340-15irh-gaming-81lk00ullt/7g4t
"
Lenovo IdeaPad L340-15IRH Gaming 81LK00AXPB
","822,00",https://www.1a.lv/p/lenovo-ideapad-l340-15irh-gaming-81lk00ullt/7g4t
"
Lenovo IdeaPad L340-15IRH Gaming i5 8/512GB GTX1050 W10H PL
","807,00",https://www.1a.lv/p/lenovo-ideapad-l340-15irh-gaming-81lk00ullt/7g4t
"
Lenovo IdeaPad L340-15IRH Gaming 81LK00XFPB
","916,00",https://www.1a.lv/p/lenovo-ideapad-l340-15irh-gaming-81lk00ullt/7g4t
"
Dell G3 15 3590 i5 8/512GB DOS
","761,00",https://www.1a.lv/p/lenovo-ideapad-l340-15irh-gaming-81lk00ullt/7g4t
"
Acer Aspire 5 A515-55 Silver NX.HSPEL.002
","610,00",https://www.1a.lv/p/lenovo-ideapad-l340-15irh-gaming-81lk00ullt/7g4t
"
Asus ROG Strix SCAR III G731GV-EV111T PL
","1.803,00",https://www.1a.lv/p/lenovo-ideapad-l340-15irh-gaming-81lk00ullt/7g4t
"
Lenovo IdeaPad L340-15IRH Gaming 81LK012VLT
","749,00",https://www.1a.lv/p/lenovo-ideapad-l340-15irh-gaming-81lk00ullt/7g4t
"
HP 250 G7 Black 6MP93EA
","294,00",https://www.1a.lv/p/lenovo-ideapad-l340-15irh-gaming-81lk00ullt/7g4t
"
Asus ROG Strix G G531GV-AL172 PL
","1.413,00",https://www.1a.lv/p/lenovo-ideapad-l340-15irh-gaming-81lk00ullt/7g4t
"
Asus ZenBook 15 UX533FTC-A8222R Silver
","1.251,00",https://www.1a.lv/p/lenovo-ideapad-l340-15irh-gaming-81lk00ullt/7g4t
"
Dell Vostro 3590 Black i5 8/1TB UHD DVD W10Pro
","736,00",https://www.1a.lv/p/lenovo-ideapad-l340-15irh-gaming-81lk00ullt/7g4t
"
Dell G3 15 3590 Black 273285295
","989,00",https://www.1a.lv/p/lenovo-ideapad-l340-15irh-gaming-81lk00ullt/7g4t
"
Acer Aspire 5 A515-54G Black NX.HDGEL.015
","554,00",https://www.1a.lv/p/lenovo-ideapad-l340-15irh-gaming-81lk00ullt/7g4t
"
Lenovo Ideapad C340-14API Black 81N6004XPB PL
","578,00",https://www.1a.lv/p/lenovo-ideapad-l340-15irh-gaming-81lk00ullt/7g4t
"
Dell Vostro 5490 Grey N4108VN5490EMEA01_1
","1.076,00",https://www.1a.lv/p/lenovo-ideapad-l340-15irh-gaming-81lk00ullt/7g4t
"
Microsoft Surface Laptop DAJ-00012
","2.081,00",https://www.1a.lv/p/microsoft-surface-laptop-daj-00012/3y4
"
Lenovo V130-14IKB Grey 81HQ00MMMH
","421,00",https://www.1a.lv/p/lenovo-ideapad-l340-15irh-gaming-81lk00ullt/7g4t
"
Lenovo ThinkPad T490 Black 20N20032US
","1.177,00",https://www.1a.lv/p/microsoft-surface-laptop-daj-00012/3y4
"
Dell XPS 13 7390 Silver 273266505
","2.363,00",https://www.1a.lv/p/lenovo-ideapad-l340-15irh-gaming-81lk00ullt/7g4t
"
Dell Latitude 5501 Black N009L550115EMEA
","1.489,00",https://www.1a.lv/p/lenovo-ideapad-l340-15irh-gaming-81lk00ullt/7g4t
"
Fujitsu Lifebook E549 VFY:E5490M451FBA
","924,00",https://www.1a.lv/p/microsoft-surface-laptop-daj-00012/3y4
"
Fujitsu Lifebook U759 VFY:U7590M471FBA
","1.230,00",https://www.1a.lv/p/microsoft-surface-laptop-daj-00012/3y4
"
Lenovo Legion Y520 80WK014VPB PL
","844,00",https://www.1a.lv/p/lenovo-ideapad-l340-15irh-gaming-81lk00ullt/7g4t
"
Fujitsu Lifebook U749 PCK:U7490MP001BA
","1.046,00",https://www.1a.lv/p/microsoft-surface-laptop-daj-00012/3y4
"
Dell G5 5590 Black 273256817
","1.693,00",https://www.1a.lv/p/lenovo-ideapad-l340-15irh-gaming-81lk00ullt/7g4t
"
Dell Inspiron 15 3593 Black 273256919
","732,00",https://www.1a.lv/p/lenovo-ideapad-l340-15irh-gaming-81lk00ullt/7g4t
"
Fujitsu Lifebook U729 Black PCK:U7290MP001BA
","1.006,00",https://www.1a.lv/p/microsoft-surface-laptop-daj-00012/3y4
"
Fujitsu Lifebook U749 VFY:U7490M431FBA
","1.051,00",https://www.1a.lv/p/microsoft-surface-laptop-daj-00012/3y4
"
Asus ROG Strix SCAR III G731GW-H6161T PL
","2.005,00",https://www.1a.lv/p/lenovo-ideapad-l340-15irh-gaming-81lk00ullt/7g4t
"
Toshiba Dynabook Tecra A40-E-198 PMZ10E-0K701PG3
","900,00",https://www.1a.lv/p/microsoft-surface-laptop-daj-00012/3y4
"
Lenovo Ideapad S540-14API Grey 81NH004APB PL
","650,00",https://www.1a.lv/p/lenovo-ideapad-l340-15irh-gaming-81lk00ullt/7g4t
"
Lenovo ThinkPad T490s 20NX0055MH
","1.656,00",https://www.1a.lv/p/lenovo-ideapad-l340-15irh-gaming-81lk00ullt/7g4t
"
Toshiba Dynabook Tecra A40-E-199 PMZ10E-0KM01JPL
","942,00",https://www.1a.lv/p/microsoft-surface-laptop-daj-00012/3y4
"
Toshiba Dynabook Tecra A40-E-172 PMZ10E-0LT01JPL
","901,00",https://www.1a.lv/p/microsoft-surface-laptop-daj-00012/3y4
"
Lenovo ThinkPad E495 Black 20NE000JMH
","662,00",https://www.1a.lv/p/lenovo-ideapad-l340-15irh-gaming-81lk00ullt/7g4t
"
Toshiba Satellite Pro A50-EC-10T PT5A1E-00H01NPL
","925,00",https://www.1a.lv/p/microsoft-surface-laptop-daj-00012/3y4
"
Lenovo ThinkPad T590 Black 20N4004DMH
","1.709,00",https://www.1a.lv/p/lenovo-ideapad-l340-15irh-gaming-81lk00ullt/7g4t
"
Acer Nitro 5 AN517-51 Black NH.Q5DEP.043
","1.148,00",https://www.1a.lv/p/lenovo-ideapad-l340-15irh-gaming-81lk00ullt/7g4t
"
Toshiba Dynabook Satellite Pro L50-G-13K PBS12E-03C009PL
","1.008,00",https://www.1a.lv/p/microsoft-surface-laptop-daj-00012/3y4
"
Dell Vostro 3591 Black i5 8/256GB W10P PL
","760,00",https://www.1a.lv/p/microsoft-surface-laptop-daj-00012/3y4
"
Lenovo ThinkPad L590 20Q7000YMH
","912,00",https://www.1a.lv/p/lenovo-ideapad-l340-15irh-gaming-81lk00ullt/7g4t
"
Toshiba Dynabook Satellite Pro L50-G-120 PBS12E-01R008PL
","1.033,00",https://www.1a.lv/p/microsoft-surface-laptop-daj-00012/3y4
"
Lenovo Legion Y530-15 Full HD GTX 1060 SSD Coffe Lake i7 W10
","1.269,00",https://www.1a.lv/p/lenovo-ideapad-l340-15irh-gaming-81lk00ullt/7g4t
"
Lenovo ThinkPad T480 20L6SAPM00 PL
","876,00",https://www.1a.lv/p/microsoft-surface-laptop-daj-00012/3y4
"
Acer Aspire 5 A515-52G Black NX.H15EL.001
","763,00",https://www.1a.lv/p/lenovo-ideapad-l340-15irh-gaming-81lk00ullt/7g4t
"
Lenovo ThinkPad P52 Black 20M9001RPB PL
","2.651,00",https://www.1a.lv/p/microsoft-surface-laptop-daj-00012/3y4
"
MSI GE63 Raider RGB RE GE63RAIDERRGB8SE-005NL
","1.999,00",https://www.1a.lv/p/lenovo-ideapad-l340-15irh-gaming-81lk00ullt/7g4t
"
Toshiba Dynabook Satellite Pro L50-G-1CC PBS12E-08E02KPL
","774,00",https://www.1a.lv/p/microsoft-surface-laptop-daj-00012/3y4
"
HP ProBook 430 G6 5PP47EA#B1R
","908,00",https://www.1a.lv/p/lenovo-ideapad-l340-15irh-gaming-81lk00ullt/7g4t
"
Toshiba Dynabook Satellite Pro L50-G-179 PBS12E-04K01GG3
","969,00",https://www.1a.lv/p/microsoft-surface-laptop-daj-00012/3y4
"
Lenovo ThinkPad L480 20LTS6KQ14 PL
","692,00",https://www.1a.lv/p/microsoft-surface-laptop-daj-00012/3y4
"
Toshiba Dynabook Satellite Pro L50-G-11L PBS12E-01Q008PL
","978,00",https://www.1a.lv/p/microsoft-surface-laptop-daj-00012/3y4
"
Lenovo ThinkPad T480 20L6SC0100 PL
","853,00",https://www.1a.lv/p/microsoft-surface-laptop-daj-00012/3y4
"
HP ProBook 450 G7 Silver 8VU80EA#B1R
","869,00",https://www.1a.lv/p/microsoft-surface-laptop-daj-00012/3y4
"
Dell Inspiron 13 7391 2 in 1 Silver i5 8/512GB W10H PL
","1.084,00",https://www.1a.lv/p/microsoft-surface-laptop-daj-00012/3y4
"
Dell Inspiron 13 7391 2 in 1 Silver i7 16/512GB W10P PL
","1.314,00",https://www.1a.lv/p/microsoft-surface-laptop-daj-00012/3y4
"
Acer Swift 1 SF114-32 Silver NX.GXUEP.015 PL
","415,00",https://www.1a.lv/p/microsoft-surface-laptop-daj-00012/3y4
"
Lenovo Legion Y540-15IRH 81SY00HQPB PL
","948,00",https://www.1a.lv/p/microsoft-surface-laptop-daj-00012/3y4
"
Lenovo Legion Y540-15IRH 81SY00HPPB PL
","889,00",https://www.1a.lv/p/microsoft-surface-laptop-daj-00012/3y4
"
Lenovo Legion Y540-15IRH 81SY00HGPB PL
","841,00",https://www.1a.lv/p/microsoft-surface-laptop-daj-00012/3y4
"
Lenovo Legion Y540-15IRH 81SY00HJPB PL
","923,00",https://www.1a.lv/p/microsoft-surface-laptop-daj-00012/3y4
"
Lenovo Legion Y540-15IRH 81SX00QAPB PL
","1.283,00",https://www.1a.lv/p/microsoft-surface-laptop-daj-00012/3y4
"
Lenovo Legion Y540-15IRH 81SX00UGPB PL
","1.210,00",https://www.1a.lv/p/microsoft-surface-laptop-daj-00012/3y4
"
Lenovo Legion Y540-15IRH 81SX00UBPB PL
","1.071,00",https://www.1a.lv/p/microsoft-surface-laptop-daj-00012/3y4
"
Lenovo Ideapad S540-15IML Grey 81NG009QPB PL
","723,00",https://www.1a.lv/p/microsoft-surface-laptop-daj-00012/3y4
"
Lenovo Ideapad S340-15IIL 81WL001HPB PL
","670,00",https://www.1a.lv/p/microsoft-surface-laptop-daj-00012/3y4
"
Dell G3 15 3590 Black PL with Backpack Dell GM1720PE
","806,00",https://www.1a.lv/p/microsoft-surface-laptop-daj-00012/3y4
"
DELL Inspiron 5770-2164 Silver
","550,00",https://www.1a.lv/p/microsoft-surface-laptop-daj-00012/3y4
"
Lenovo Ideapad C340-14API Black 81N600ATPB PL
","542,00",https://www.1a.lv/p/microsoft-surface-laptop-daj-00012/3y4
"
Lenovo ThinkPad L590 20Q7001CPB PL
","1.028,00",https://www.1a.lv/p/microsoft-surface-laptop-daj-00012/3y4
"
Lenovo Legion Y540-15IRH 81SX00QRPB PL
","1.176,00",https://www.1a.lv/p/microsoft-surface-laptop-daj-00012/3y4
"
Lenovo Legion Y540-15IRH 81SX00QEPB PL
","1.261,00",https://www.1a.lv/p/microsoft-surface-laptop-daj-00012/3y4
"
Lenovo Ideapad S540-15IML Grey 81NG009RPB PL
","709,00",https://www.1a.lv/p/microsoft-surface-laptop-daj-00012/3y4
"
Lenovo Ideapad C340-14IWL Black 81TK00BWPB PL
","692,00",https://www.1a.lv/p/microsoft-surface-laptop-daj-00012/3y4
"
Lenovo Ideapad L340-17IRH Gaming Black 81LL009WPB PL
","807,00",https://www.1a.lv/p/microsoft-surface-laptop-daj-00012/3y4
"
Lenovo IdeaPad L340-15IRH Gaming 81LK00L7RM PL
","784,00",https://www.1a.lv/p/microsoft-surface-laptop-daj-00012/3y4
"
Lenovo Ideapad L340-17IRH Gaming Black 81LL0057PB PL
","784,00",https://www.1a.lv/p/microsoft-surface-laptop-daj-00012/3y4
"
Lenovo Ideapad S340-14IWL Black 81N700KFPB PL
","554,00",https://www.1a.lv/p/microsoft-surface-laptop-daj-00012/3y4
"
Lenovo Ideapad C340-14IML Black 81TK00CCPB PL
","738,00",https://www.1a.lv/p/microsoft-surface-laptop-daj-00012/3y4
"
Dell Vostro 5490 Grey 5490-275577
","663,00",https://www.1a.lv/p/microsoft-surface-laptop-daj-00012/3y4
"
Lenovo ThinkPad E15 Black 20RD003KMH
","666,00",https://www.1a.lv/p/microsoft-surface-laptop-daj-00012/3y4
"
Dell Inspiron 15 3593 Silver 273333416
","711,00",https://www.1a.lv/p/microsoft-surface-laptop-daj-00012/3y4
"
Acer Aspire 5 A514-53 Silver NX.HUSEL.001
","550,00",https://www.1a.lv/p/microsoft-surface-laptop-daj-00012/3y4
"
Notebook Dell Inspiron 15 3593 Silver
","594,00",https://www.1a.lv/p/microsoft-surface-laptop-daj-00012/3y4
"
Dell Inspiron 15 3593 Black 3593-5007
","678,00",https://www.1a.lv/p/microsoft-surface-laptop-daj-00012/3y4
"
Acer Aspire 5 A514-53 Silver NX.HUSEL.004
","641,00",https://www.1a.lv/p/microsoft-surface-laptop-daj-00012/3y4
"
Dell Precision 3540 Black N019P3540EMEA
","1.145,00",https://www.1a.lv/p/microsoft-surface-laptop-daj-00012/3y4
"
Acer Swift 5 SF514-54T White NX.HLGEL.004
","860,00",https://www.1a.lv/p/microsoft-surface-laptop-daj-00012/3y4
"
Dell XPS 15 7590 Silver 7590-8506
","1.764,00",https://www.1a.lv/p/microsoft-surface-laptop-daj-00012/3y4
"
Dell Vostro 3590 Black i5 8/256GB R610 DVD ENG/RUS Ubu
","623,00",https://www.1a.lv/p/dell-vostro-3590-black-i5-8-256gb-r610-dvd-eng-rus-ubu/8gda
"
Asus ZenBook 13 UX333FAC-A3106T Royal Blue
","814,00",https://www.1a.lv/p/microsoft-surface-laptop-daj-00012/3y4
"
Dell Vostro 5490 Grey 5490-275579
","753,00",https://www.1a.lv/p/dell-vostro-3590-black-i5-8-256gb-r610-dvd-eng-rus-ubu/8gda
"
Lenovo ThinkPad T490s Black 20NX007XMH
","1.699,00",https://www.1a.lv/p/microsoft-surface-laptop-daj-00012/3y4
"
HP EliteBook x360 1040 G6 7KN39EA#B1R
","2.059,00",https://www.1a.lv/p/microsoft-surface-laptop-daj-00012/3y4
"
Dell Inspiron 17 3793 Black 3793-2942
","842,00",https://www.1a.lv/p/dell-vostro-3590-black-i5-8-256gb-r610-dvd-eng-rus-ubu/8gda
"
Asus VivoBook 15 X509JA-BQ041T
","749,00",https://www.1a.lv/p/microsoft-surface-laptop-daj-00012/3y4
"
Lenovo Legion Y740-15 81UH003QPB PL
","1.684,00",https://www.1a.lv/p/dell-vostro-3590-black-i5-8-256gb-r610-dvd-eng-rus-ubu/8gda
"
Lenovo Legion Y740-15IRH 81UH003PPB PL
","1.598,00",https://www.1a.lv/p/dell-vostro-3590-black-i5-8-256gb-r610-dvd-eng-rus-ubu/8gda
"
Lenovo ThinkBook 15 Gray 20RW0003MH
","658,00",https://www.1a.lv/p/microsoft-surface-laptop-daj-00012/3y4
"
Lenovo ThinkBook 14 Grey 20SL0022MH
","763,00",https://www.1a.lv/p/microsoft-surface-laptop-daj-00012/3y4
"
Dell Vostro 3590 Black i7 8/256GB R610 DVD Ubu
","741,00",https://www.1a.lv/p/dell-vostro-3590-black-i5-8-256gb-r610-dvd-eng-rus-ubu/8gda
"
Lenovo ThinkBook 14 Grey 20SL00D3MH
","699,00",https://www.1a.lv/p/microsoft-surface-laptop-daj-00012/3y4
"
Lenovo IdeaPad L340-15IRH Gaming 81LK00Y2PB PL
","866,00",https://www.1a.lv/p/dell-vostro-3590-black-i5-8-256gb-r610-dvd-eng-rus-ubu/8gda
"
Yoga C740-14IML Iron Grey 81TC0064PB PL
","862,00",https://www.1a.lv/p/dell-vostro-3590-black-i5-8-256gb-r610-dvd-eng-rus-ubu/8gda
"
Lenovo ThinkBook 14 Grey 20SL0023MH
","878,00",https://www.1a.lv/p/microsoft-surface-laptop-daj-00012/3y4
"
Lenovo ThinkPad E15 Black 20RD0032MH
","714,00",https://www.1a.lv/p/microsoft-surface-laptop-daj-00012/3y4
"
Lenovo Legion Y540-15IRH 81SY00HVPB PL
","851,00",https://www.1a.lv/p/dell-vostro-3590-black-i5-8-256gb-r610-dvd-eng-rus-ubu/8gda
"
Lenovo ThinkPad E14 Black 20RA0036MH PL
","670,00",https://www.1a.lv/p/microsoft-surface-laptop-daj-00012/3y4
"
Lenovo ThinkPad X390 Black 20Q0005PPB PL
","1.776,00",https://www.1a.lv/p/dell-vostro-3590-black-i5-8-256gb-r610-dvd-eng-rus-ubu/8gda
"
Lenovo ThinkPad X1 Carbon 7th Gen 20QD00M5MH
","2.393,00",https://www.1a.lv/p/dell-vostro-3590-black-i5-8-256gb-r610-dvd-eng-rus-ubu/8gda
"
Dell Vostro 3480 N3422VN3480BTPPL01_2001 PL
","946,00",https://www.1a.lv/p/microsoft-surface-laptop-daj-00012/3y4
"
Dell Vostro 5490 Grey 5490-279609
","753,00",https://www.1a.lv/p/microsoft-surface-laptop-daj-00012/3y4
"
Lenovo ThinkPad X1 Carbon 7th Gen 20QD00M6MH
","2.226,00",https://www.1a.lv/p/dell-vostro-3590-black-i5-8-256gb-r610-dvd-eng-rus-ubu/8gda
"
Dell Vostro 5490 Grey 5490-279601
","581,00",https://www.1a.lv/p/microsoft-surface-laptop-daj-00012/3y4
"
Lenovo ThinkPad P1 Gen 2 Black 20QT0029PB PL
","2.509,00",https://www.1a.lv/p/dell-vostro-3590-black-i5-8-256gb-r610-dvd-eng-rus-ubu/8gda
"
Lenovo IdeaPad S145-15IIL 81W80073PB PL
","751,00",https://www.1a.lv/p/dell-vostro-3590-black-i5-8-256gb-r610-dvd-eng-rus-ubu/8gda
"
Dell Inspiron 15 7580 Silver 7580-5734 PL
","1.153,00",https://www.1a.lv/p/microsoft-surface-laptop-daj-00012/3y4
"
Dell Inspiron 17 3793 Silver 3793-4681 PL
","923,00",https://www.1a.lv/p/microsoft-surface-laptop-daj-00012/3y4
"
Asus ROG Strix SCAR III G731GW-H6161
","1.906,00",https://www.1a.lv/p/dell-vostro-3590-black-i5-8-256gb-r610-dvd-eng-rus-ubu/8gda
"
Asus ROG Strix G G531GV-AL132T PL
","1.245,00",https://www.1a.lv/p/dell-vostro-3590-black-i5-8-256gb-r610-dvd-eng-rus-ubu/8gda
"
Dell G3 15 3590 Black 273333508
","1.133,00",https://www.1a.lv/p/dell-vostro-3590-black-i5-8-256gb-r610-dvd-eng-rus-ubu/8gda
"
Dell G3 15 3590 Black 273333496
","803,00",https://www.1a.lv/p/dell-vostro-3590-black-i5-8-256gb-r610-dvd-eng-rus-ubu/8gda
"
Lenovo IdeaPad S145-15IIL Platinum Grey 81W8003BRM
","566,00",https://www.1a.lv/p/dell-vostro-3590-black-i5-8-256gb-r610-dvd-eng-rus-ubu/8gda
"
Dell Latitude 5401 Black 273307101
","1.460,00",https://www.1a.lv/p/dell-vostro-3590-black-i5-8-256gb-r610-dvd-eng-rus-ubu/8gda
"
Lenovo Yoga C740 Iron Grey 81TC0061PB PL
","766,00",https://www.1a.lv/p/dell-vostro-3590-black-i5-8-256gb-r610-dvd-eng-rus-ubu/8gda
"
Lenovo Legion Y540-15IRH 81SX00Q7PB PL
","1.015,00",https://www.1a.lv/p/dell-vostro-3590-black-i5-8-256gb-r610-dvd-eng-rus-ubu/8gda
"
Lenovo ThinkPad T490s Black 20NX007JMH
","2.215,00",https://www.1a.lv/p/dell-vostro-3590-black-i5-8-256gb-r610-dvd-eng-rus-ubu/8gda
"
Lenovo Legion Y540-15IRH 81SX00PSPB
","1.213,00",https://www.1a.lv/p/dell-vostro-3590-black-i5-8-256gb-r610-dvd-eng-rus-ubu/8gda
"
Lenovo ThinkPad T490s Black 20NX007HMH
","2.085,00",https://www.1a.lv/p/dell-vostro-3590-black-i5-8-256gb-r610-dvd-eng-rus-ubu/8gda
"
Fujitsu Lifebook E559 VFY:E5590M431FBA
","835,00",https://www.1a.lv/p/dell-vostro-3590-black-i5-8-256gb-r610-dvd-eng-rus-ubu/8gda
"
Fujitsu Lifebook E559 Black VFY:E5590M451FBA
","925,00",https://www.1a.lv/p/dell-vostro-3590-black-i5-8-256gb-r610-dvd-eng-rus-ubu/8gda
"
Fujitsu Lifebook U749 VFY:U7490M451FBA
","1.139,00",https://www.1a.lv/p/dell-vostro-3590-black-i5-8-256gb-r610-dvd-eng-rus-ubu/8gda
"
Microsoft Surface Laptop 3 13.5"" Platinum V4C-00008
","1.473,00",https://www.1a.lv/p/dell-vostro-3590-black-i5-8-256gb-r610-dvd-eng-rus-ubu/8gda
"
Dell Precision 3541 Black N009P3541CEE
","1.211,00",https://www.1a.lv/p/dell-vostro-3590-black-i5-8-256gb-r610-dvd-eng-rus-ubu/8gda
"
Dell Precision 3540 Black N021P3540EMEA
","1.310,00",https://www.1a.lv/p/dell-vostro-3590-black-i5-8-256gb-r610-dvd-eng-rus-ubu/8gda
"
HP Pavilion Gaming 15-dk0900na 9ES31EA-ABU
","1.101,00",https://www.1a.lv/p/dell-vostro-3590-black-i5-8-256gb-r610-dvd-eng-rus-ubu/8gda
"
Lenovo ThinkPad E15 Black 20RD001XPB PL
","863,00",https://www.1a.lv/p/dell-vostro-3590-black-i5-8-256gb-r610-dvd-eng-rus-ubu/8gda
"
Lenovo Yoga C740 Iron Grey 81TC0063PB PL
","946,00",https://www.1a.lv/p/dell-vostro-3590-black-i5-8-256gb-r610-dvd-eng-rus-ubu/8gda
"
Lenovo Legion Y540-15IRH Black 81SY00HHPB PL
","862,00",https://www.1a.lv/p/dell-vostro-3590-black-i5-8-256gb-r610-dvd-eng-rus-ubu/8gda
"
Lenovo Ideapad C340-14IWL Black 81TK00C8PB PL
","646,00",https://www.1a.lv/p/dell-vostro-3590-black-i5-8-256gb-r610-dvd-eng-rus-ubu/8gda
"
Lenovo ThinkPad X390 Black 20Q0005VMH PL
","1.806,00",https://www.1a.lv/p/dell-vostro-3590-black-i5-8-256gb-r610-dvd-eng-rus-ubu/8gda
"
Lenovo ThinkPad L13 Yoga Black 20R5000HMH
","1.294,00",https://www.1a.lv/p/dell-vostro-3590-black-i5-8-256gb-r610-dvd-eng-rus-ubu/8gda
"
Lenovo IdeaPad S540-14IML Grey i5 8/512GB W10H PL
","692,00",https://www.1a.lv/p/dell-vostro-3590-black-i5-8-256gb-r610-dvd-eng-rus-ubu/8gda
"
Lenovo IdeaPad L340-15IRH Gaming i7 8/512GB 1050 DOS
","768,00",https://www.1a.lv/p/dell-vostro-3590-black-i5-8-256gb-r610-dvd-eng-rus-ubu/8gda
"
Lenovo ThinkPad P1 Gen 2 Black 20QT002CMH
","2.670,00",https://www.1a.lv/p/dell-vostro-3590-black-i5-8-256gb-r610-dvd-eng-rus-ubu/8gda
"
Lenovo ThinkPad L490 Black 20Q50027PB PL
","785,00",https://www.1a.lv/p/dell-vostro-3590-black-i5-8-256gb-r610-dvd-eng-rus-ubu/8gda
"
Lenovo ThinkPad T495s Black 20QJ001NMH
","1.628,00",https://www.1a.lv/p/dell-vostro-3590-black-i5-8-256gb-r610-dvd-eng-rus-ubu/8gda
"
Lenovo ThinkPad T495s Black 20QJ000CMH
","1.312,00",https://www.1a.lv/p/dell-vostro-3590-black-i5-8-256gb-r610-dvd-eng-rus-ubu/8gda
"
Dell Latitude 5501 Black N006L550115EMEA PL
","1.329,00",https://www.1a.lv/p/dell-vostro-3590-black-i5-8-256gb-r610-dvd-eng-rus-ubu/8gda
"
Lenovo Ideapad C340-14IWL R3 4/256GB W10H PL
","482,00",https://www.1a.lv/p/dell-vostro-3590-black-i5-8-256gb-r610-dvd-eng-rus-ubu/8gda
"
HP ProBook 430 G6 5TJ89EA PL
","846,00",https://www.1a.lv/p/dell-vostro-3590-black-i5-8-256gb-r610-dvd-eng-rus-ubu/8gda
"
Lenovo ThinkBook 14 Grey 20RV0000MH
","984,00",https://www.1a.lv/p/dell-vostro-3590-black-i5-8-256gb-r610-dvd-eng-rus-ubu/8gda
"
Dell Vostro 3590 Black i7 8/256GB R610 DVD W10P PL
","852,00",https://www.1a.lv/p/dell-vostro-3590-black-i5-8-256gb-r610-dvd-eng-rus-ubu/8gda
"
Lenovo Ideapad L340-17IRH Gaming Black i5 8/512GB GTX1650M DOS
","782,00",https://www.1a.lv/p/dell-vostro-3590-black-i5-8-256gb-r610-dvd-eng-rus-ubu/8gda
"
Lenovo ThinkPad X1 Yoga 4 Iron Gray 20QG001HMH
","2.892,00",https://www.1a.lv/p/dell-vostro-3590-black-i5-8-256gb-r610-dvd-eng-rus-ubu/8gda
"
Dell Latitude 5400 Black N048L540014EMEA
","1.387,00",https://www.1a.lv/p/dell-vostro-3590-black-i5-8-256gb-r610-dvd-eng-rus-ubu/8gda
"
Lenovo Legion Y540-15IRH 81SY00HFPB
","826,00",https://www.1a.lv/p/dell-vostro-3590-black-i5-8-256gb-r610-dvd-eng-rus-ubu/8gda
"
Lenovo Legion Y540-15IRH 81SX00PRPB
","1.017,00",https://www.1a.lv/p/dell-vostro-3590-black-i5-8-256gb-r610-dvd-eng-rus-ubu/8gda
"
Lenovo ThinkBook 14 Grey 20RV0002MH
","805,00",https://www.1a.lv/p/lenovo-thinkbook-14-grey-20rv0002mh/7zzm
"
Lenovo Ideapad L340-17IRH Gaming Black 81LL009TPB PL
","864,00",https://www.1a.lv/p/dell-vostro-3590-black-i5-8-256gb-r610-dvd-eng-rus-ubu/8gda
"
HP ZBook 15v G5 Silver 4QH20EA#ABB
","1.232,00",https://www.1a.lv/p/lenovo-thinkbook-14-grey-20rv0002mh/7zzm
"
Lenovo IdeaPad L340-15IRH Gaming 81LK00DLPB PL
","784,00",https://www.1a.lv/p/dell-vostro-3590-black-i5-8-256gb-r610-dvd-eng-rus-ubu/8gda
"
Lenovo ThinkBook 14 Grey 20RV0001PB PL
","847,00",https://www.1a.lv/p/dell-vostro-3590-black-i5-8-256gb-r610-dvd-eng-rus-ubu/8gda
"
Lenovo ThinkPad T495 Black 20NJ0019MH
","1.258,00",https://www.1a.lv/p/lenovo-thinkbook-14-grey-20rv0002mh/7zzm
"
Lenovo V14 Grey 81YB0004PB PL
","666,00",https://www.1a.lv/p/lenovo-thinkbook-14-grey-20rv0002mh/7zzm
"
Lenovo ThinkBook 14 Grey 20SL0022PB PL
","817,00",https://www.1a.lv/p/dell-vostro-3590-black-i5-8-256gb-r610-dvd-eng-rus-ubu/8gda
"
Lenovo ThinkPad T490s 20NX006QPB PL
","1.607,00",https://www.1a.lv/p/lenovo-thinkbook-14-grey-20rv0002mh/7zzm
"
Lenovo ThinkBook 14 Grey 20SL0023PB PL
","953,00",https://www.1a.lv/p/dell-vostro-3590-black-i5-8-256gb-r610-dvd-eng-rus-ubu/8gda
"
Asus VivoBook 14 R459UA-EK109T PL
","577,00",https://www.1a.lv/p/dell-vostro-3590-black-i5-8-256gb-r610-dvd-eng-rus-ubu/8gda
"
Huawei MateBook D 14"" Silver 53010TUA PL
","660,00",https://www.1a.lv/p/lenovo-thinkbook-14-grey-20rv0002mh/7zzm
"
Dell Inspiron 17 3793 Black 3793-4698 PL
","960,00",https://www.1a.lv/p/lenovo-thinkbook-14-grey-20rv0002mh/7zzm
"
Lenovo IdeaPad L340-15IRH Gaming 81LK00E6PB
","738,00",https://www.1a.lv/p/dell-vostro-3590-black-i5-8-256gb-r610-dvd-eng-rus-ubu/8gda
"
MSI Alpha 15 A3DDK-007NL
","1.277,00",https://www.1a.lv/p/lenovo-thinkbook-14-grey-20rv0002mh/7zzm
"
Lenovo Legion Y740-15 Iron Grey 81UH00AQLT
","1.792,00",https://www.1a.lv/p/dell-vostro-3590-black-i5-8-256gb-r610-dvd-eng-rus-ubu/8gda
"
Dell Latitude 7400 Carbon Fiber i5 8/256GB W10P EMG/RUS
","1.293,00",https://www.1a.lv/p/dell-vostro-3590-black-i5-8-256gb-r610-dvd-eng-rus-ubu/8gda
"
Lenovo ThinkPad E14 Black 20RA001LMH
","1.106,00",https://www.1a.lv/p/lenovo-thinkbook-14-grey-20rv0002mh/7zzm
"
Lenovo ThinkPad E495 Black 20NE000EPB PL
","850,00",https://www.1a.lv/p/lenovo-thinkbook-14-grey-20rv0002mh/7zzm
"
Asus ROG Strix SCAR III G731GV-EV111
","1.712,00",https://www.1a.lv/p/dell-vostro-3590-black-i5-8-256gb-r610-dvd-eng-rus-ubu/8gda
"
Asus ZenBook Duo UX481FL-BM056T Celestial Blue
","1.349,00",https://www.1a.lv/p/lenovo-thinkbook-14-grey-20rv0002mh/7zzm
"
Asus ROG Strix SCAR III G531GV-AZ274
","1.606,00",https://www.1a.lv/p/dell-vostro-3590-black-i5-8-256gb-r610-dvd-eng-rus-ubu/8gda
"
Acer Aspire 5 A515-43G Black NX.HF7EL.003
","726,00",https://www.1a.lv/p/dell-vostro-3590-black-i5-8-256gb-r610-dvd-eng-rus-ubu/8gda
"
Dell Latitude 7300 Aluminium N049L730013EMEA_3
","1.653,00",https://www.1a.lv/p/lenovo-thinkbook-14-grey-20rv0002mh/7zzm
"
Lenovo ThinkPad E15 Black 20RD001FMH
","822,00",https://www.1a.lv/p/lenovo-thinkbook-14-grey-20rv0002mh/7zzm
"
Acer Aspire 7 A715-74G Black NH.Q5TEL.00E
","1.094,00",https://www.1a.lv/p/dell-vostro-3590-black-i5-8-256gb-r610-dvd-eng-rus-ubu/8gda
"
Lenovo ThinkPad X1 Extreme Gen2 Black 20QV001FMH
","3.207,00",https://www.1a.lv/p/lenovo-thinkbook-14-grey-20rv0002mh/7zzm
"
Acer Aspire 7 A715-74G Black NH.Q5SEL.004
","881,00",https://www.1a.lv/p/dell-vostro-3590-black-i5-8-256gb-r610-dvd-eng-rus-ubu/8gda
"
Toshiba Dynabook Portege X30-F-159 PUR31E-0X900WPL
","1.866,00",https://www.1a.lv/p/dell-vostro-3590-black-i5-8-256gb-r610-dvd-eng-rus-ubu/8gda
"
Lenovo ThinkBook 13s 20RR0003MH
","1.044,00",https://www.1a.lv/p/lenovo-thinkbook-14-grey-20rv0002mh/7zzm
"
Lenovo ThinkBook 13s 20RR0007MH
","826,00",https://www.1a.lv/p/lenovo-thinkbook-14-grey-20rv0002mh/7zzm
"
Toshiba Dynabook Portege X30-F-157 PUR31E-0X700WPL
","1.671,00",https://www.1a.lv/p/dell-vostro-3590-black-i5-8-256gb-r610-dvd-eng-rus-ubu/8gda
"
Lenovo ThinkPad E15 Black 20RD001CPB PL
","951,00",https://www.1a.lv/p/lenovo-thinkbook-14-grey-20rv0002mh/7zzm
"
Lenovo Yoga S740-15IRH Iron Grey 81NX004DLT
","1.093,00",https://www.1a.lv/p/dell-vostro-3590-black-i5-8-256gb-r610-dvd-eng-rus-ubu/8gda
"
Lenovo ThinkPad X390 Black 20Q00060MH
","2.025,00",https://www.1a.lv/p/dell-vostro-3590-black-i5-8-256gb-r610-dvd-eng-rus-ubu/8gda
"
Lenovo ThinkPad X395 Black 20NL000HPB PL
","1.563,00",https://www.1a.lv/p/lenovo-thinkbook-14-grey-20rv0002mh/7zzm
"
Lenovo ThinkPad X395 Black 20NL000JPB PL
","1.168,00",https://www.1a.lv/p/lenovo-thinkbook-14-grey-20rv0002mh/7zzm
"
Lenovo ThinkPad X395 Black 20NL000GPB PL
","1.378,00",https://www.1a.lv/p/lenovo-thinkbook-14-grey-20rv0002mh/7zzm
"
Dell Vostro 3590 Black i5 8/256GB W10P PL
","710,00",https://www.1a.lv/p/lenovo-thinkbook-14-grey-20rv0002mh/7zzm
"
Acer Nitro 5 AN517-51 Black NH.Q5CEP.032 PL
","1.009,00",https://www.1a.lv/p/lenovo-thinkbook-14-grey-20rv0002mh/7zzm
"
Lenovo ThinkPad T490s Silver 20NX006TPB PL
","1.637,00",https://www.1a.lv/p/lenovo-thinkbook-14-grey-20rv0002mh/7zzm
"
Lenovo ThinkPad T495 Black 20NJ0010PB PL
","1.546,00",https://www.1a.lv/p/lenovo-thinkbook-14-grey-20rv0002mh/7zzm
"
HP EliteBook 830 G6 6XE16EA#ACB
","1.750,00",https://www.1a.lv/p/lenovo-thinkbook-14-grey-20rv0002mh/7zzm
"
Dell Vostro 3590 Black i5 8/256GB DVD W10P PL
","812,00",https://www.1a.lv/p/lenovo-thinkbook-14-grey-20rv0002mh/7zzm
"
HP Elite Dragonfly 8MK80EA#B1R
","2.706,00",https://www.1a.lv/p/lenovo-thinkbook-14-grey-20rv0002mh/7zzm
"
HP EliteBook 745 G6 6XE86EA#B1R
","1.422,00",https://www.1a.lv/p/lenovo-thinkbook-14-grey-20rv0002mh/7zzm
"
Lenovo ThinkPad X390 Yoga Black 20NN00FAMH
","1.882,00",https://www.1a.lv/p/lenovo-thinkbook-14-grey-20rv0002mh/7zzm
"
Lenovo ThinkPad E15 Black 20RD0011MH
","1.139,00",https://www.1a.lv/p/lenovo-thinkbook-14-grey-20rv0002mh/7zzm
"
Lenovo ThinkPad E14 Black 20RA0016MH
","859,00",https://www.1a.lv/p/lenovo-thinkbook-14-grey-20rv0002mh/7zzm
"
Dell Latitude 7400 Aluminium N076L740014EMEA_3
","1.643,00",https://www.1a.lv/p/lenovo-thinkbook-14-grey-20rv0002mh/7zzm
"
HP EliteBook 840 G6 7KN32EA#B1R
","1.720,00",https://www.1a.lv/p/lenovo-thinkbook-14-grey-20rv0002mh/7zzm
"
HP EliteBook 830 G6 6XD74EA#ACB
","1.460,00",https://www.1a.lv/p/lenovo-thinkbook-14-grey-20rv0002mh/7zzm
"
HP EliteBook x360 1030 G4 Silver 7YL60EA#B1R
","1.581,00",https://www.1a.lv/p/lenovo-thinkbook-14-grey-20rv0002mh/7zzm
"
HP EliteBook 735 G6 7KN29EA#B1R
","1.098,00",https://www.1a.lv/p/lenovo-thinkbook-14-grey-20rv0002mh/7zzm
"
Notebook Asus VivoBook 15 X512FL Blue
","799,00",https://www.1a.lv/p/lenovo-thinkbook-14-grey-20rv0002mh/7zzm
"
Lenovo ThinkPad P53 Black 20QN0034MH
","3.459,00",https://www.1a.lv/p/lenovo-thinkbook-14-grey-20rv0002mh/7zzm
"
Asus VivoBook 15 X512FA-BQ1069T Blue PL
","741,00",https://www.1a.lv/p/lenovo-thinkbook-14-grey-20rv0002mh/7zzm
"
Acer Nitro 5 AN517-51 Black NH.Q5CEP.026 PL
","861,00",https://www.1a.lv/p/lenovo-thinkbook-14-grey-20rv0002mh/7zzm
"
Lenovo ThinkBook 13s 20RR0007PB PL
","882,00",https://www.1a.lv/p/lenovo-thinkbook-14-grey-20rv0002mh/7zzm
"
Lenovo ThinkPad E15 Black 20RD001FPB PL
","851,00",https://www.1a.lv/p/lenovo-thinkbook-14-grey-20rv0002mh/7zzm
"
Lenovo ThinkPad E15 Silver 20RD001GPB PL
","878,00",https://www.1a.lv/p/lenovo-thinkbook-14-grey-20rv0002mh/7zzm
"
Lenovo ThinkPad T495s Black 20QJ000JPB PL
","1.260,00",https://www.1a.lv/p/lenovo-thinkbook-14-grey-20rv0002mh/7zzm
"
Lenovo ThinkPad T495s Black 20QJ000CPB PL
","1.454,00",https://www.1a.lv/p/lenovo-thinkbook-14-grey-20rv0002mh/7zzm
"
Dell Vostro 14 3490 Black i3 4GB 1TB UHD W10P PL
","539,00",https://www.1a.lv/p/lenovo-thinkbook-14-grey-20rv0002mh/7zzm
"
Lenovo ThinkPad L13 Silver 20R30006PB PL
","967,00",https://www.1a.lv/p/lenovo-thinkbook-14-grey-20rv0002mh/7zzm
"
Lenovo ThinkPad X395 Black 20NL001HMH
","1.115,00",https://www.1a.lv/p/lenovo-thinkbook-14-grey-20rv0002mh/7zzm
"
Lenovo ThinkPad X1 Carbon 7th Gen 20QE001FMH
","2.568,00",https://www.1a.lv/p/lenovo-thinkbook-14-grey-20rv0002mh/7zzm
"
HP ProBook 440 G6 Silver 5TK00EA PL
","1.016,00",https://www.1a.lv/p/lenovo-thinkbook-14-grey-20rv0002mh/7zzm
"
Asus ZenBook Flip 13 UX362FA-EL254T Royal Blue
","880,00",https://www.1a.lv/p/lenovo-thinkbook-14-grey-20rv0002mh/7zzm
"
Lenovo ThinkPad P53 Black 20QN002PMH
","2.861,00",https://www.1a.lv/p/lenovo-thinkbook-14-grey-20rv0002mh/7zzm
"
DELL Inspiron 5570 Black 5570-1981 PL
","628,00",https://www.1a.lv/p/lenovo-thinkbook-14-grey-20rv0002mh/7zzm
"
HP Elite Dragonfly 8MK78EA#B1R
","1.695,00",https://www.1a.lv/p/lenovo-thinkbook-14-grey-20rv0002mh/7zzm
"
Acer Nitro 5 AN515-43 Black NH.Q5XEL.00F
","907,00",https://www.1a.lv/p/acer-nitro-5-an515-43-black-nh-q5xel-00f/7oro
"
HP Elite Dragonfly 8MK76EA#B1R
","2.241,00",https://www.1a.lv/p/lenovo-thinkbook-14-grey-20rv0002mh/7zzm
"
Dell Vostro 5490 Grey i7 8/256GB MX250 Ubu
","995,00",https://www.1a.lv/p/lenovo-thinkbook-14-grey-20rv0002mh/7zzm
"
Acer Predator Helios 300 PH315-52 NH.Q53EL.015
","1.322,00",https://www.1a.lv/p/acer-nitro-5-an515-43-black-nh-q5xel-00f/7oro
"
Dell Inspiron 14 5491 2-in-1 Silver 273282387
","783,00",https://www.1a.lv/p/lenovo-thinkbook-14-grey-20rv0002mh/7zzm
"
Lenovo Legion Y540-15IRH 81SX00BMPB PL
","1.008,00",https://www.1a.lv/p/acer-nitro-5-an515-43-black-nh-q5xel-00f/7oro
"
Lenovo ThinkPad X390 Black 20Q0005RPB PL
","1.239,00",https://www.1a.lv/p/acer-nitro-5-an515-43-black-nh-q5xel-00f/7oro
"
Lenovo ThinkPad X1 Carbon 7th Gen 20QD00KUPB PL
","2.362,00",https://www.1a.lv/p/lenovo-thinkbook-14-grey-20rv0002mh/7zzm
"
Lenovo Ideapad S340-15IWL Platinum Grey 81N800PVPB
","771,00",https://www.1a.lv/p/lenovo-thinkbook-14-grey-20rv0002mh/7zzm
"
Lenovo ThinkPad X1 Yoga 4 Iron Gray 20QF00ACPB PL
","2.268,00",https://www.1a.lv/p/acer-nitro-5-an515-43-black-nh-q5xel-00f/7oro
"
Asus ZenBook UX434FAC-A5042T Royal Blue PL
","1.006,00",https://www.1a.lv/p/lenovo-thinkbook-14-grey-20rv0002mh/7zzm
"
Lenovo ThinkPad X1 Carbon 7th Gen 20QD00KWPB PL
","2.461,00",https://www.1a.lv/p/acer-nitro-5-an515-43-black-nh-q5xel-00f/7oro
"
Asus ZenBook UX434FLC-A5353T Blue
","889,00",https://www.1a.lv/p/lenovo-thinkbook-14-grey-20rv0002mh/7zzm
"
Acer TravelMate Spin B118 Black NX.VHREG.001
","726,00",https://www.1a.lv/p/lenovo-thinkbook-14-grey-20rv0002mh/7zzm
"
Lenovo ThinkPad X1 Carbon 7th Gen 20QD00KPPB PL
","1.832,00",https://www.1a.lv/p/acer-nitro-5-an515-43-black-nh-q5xel-00f/7oro
"
Lenovo ThinkPad T490s 20NX006SPB PL
","1.452,00",https://www.1a.lv/p/acer-nitro-5-an515-43-black-nh-q5xel-00f/7oro
"
Lenovo ThinkPad L13 Yoga 20R50009MH
","1.247,00",https://www.1a.lv/p/lenovo-thinkbook-14-grey-20rv0002mh/7zzm
"
Lenovo ThinkPad T490 Black 20N2006JPB PL
","1.830,00",https://www.1a.lv/p/acer-nitro-5-an515-43-black-nh-q5xel-00f/7oro
"
Lenovo ThinkPad L13 Black 20R3000EMH
","1.081,00",https://www.1a.lv/p/lenovo-thinkbook-14-grey-20rv0002mh/7zzm
"
Lenovo ThinkPad L13 Black 20R3000AMH
","1.066,00",https://www.1a.lv/p/lenovo-thinkbook-14-grey-20rv0002mh/7zzm
"
Lenovo ThinkPad T490 Black 20N2006LPB PL
","1.691,00",https://www.1a.lv/p/acer-nitro-5-an515-43-black-nh-q5xel-00f/7oro
"
Lenovo ThinkPad T490 Black 20N2006FPB PL
","1.747,00",https://www.1a.lv/p/acer-nitro-5-an515-43-black-nh-q5xel-00f/7oro
"
Lenovo ThinkPad L13 Black 20R30005MH
","967,00",https://www.1a.lv/p/lenovo-thinkbook-14-grey-20rv0002mh/7zzm
"
Notebook Acer aspire 5 a515-43
","638,00",https://www.1a.lv/p/acer-nitro-5-an515-43-black-nh-q5xel-00f/7oro
"
Dell Inspiron 7590 Black 273282386
","1.202,00",https://www.1a.lv/p/lenovo-thinkbook-14-grey-20rv0002mh/7zzm
"
Asus VivoBook Gaming 15 X571GT-BN387T
","998,00",https://www.1a.lv/p/lenovo-thinkbook-14-grey-20rv0002mh/7zzm
"
Lenovo ThinkPad T490 Black 20N2006HPB PL
","1.663,00",https://www.1a.lv/p/acer-nitro-5-an515-43-black-nh-q5xel-00f/7oro
"
Lenovo ThinkPad T590 Black 20N40050PB PL
","1.821,00",https://www.1a.lv/p/acer-nitro-5-an515-43-black-nh-q5xel-00f/7oro
"
Dell G3 15 3590 Black 273256696
","1.267,00",https://www.1a.lv/p/lenovo-thinkbook-14-grey-20rv0002mh/7zzm
"
Lenovo ThinkPad T490 Black 20N2006BPB PL
","1.747,00",https://www.1a.lv/p/acer-nitro-5-an515-43-black-nh-q5xel-00f/7oro
"
Dell G3 15 3590 Black 273256687
","839,00",https://www.1a.lv/p/lenovo-thinkbook-14-grey-20rv0002mh/7zzm
"
Dell G3 15 3590 Black 273282439
","1.173,00",https://www.1a.lv/p/lenovo-thinkbook-14-grey-20rv0002mh/7zzm
"
Lenovo ThinkPad T490 Black 20N2006CPB PL
","1.550,00",https://www.1a.lv/p/acer-nitro-5-an515-43-black-nh-q5xel-00f/7oro
"
Lenovo ThinkPad X1 Yoga 4 Iron Gray 20QF00B4PB PL
","2.612,00",https://www.1a.lv/p/acer-nitro-5-an515-43-black-nh-q5xel-00f/7oro
"
Dell G3 15 3590 Black 273285301
","813,00",https://www.1a.lv/p/lenovo-thinkbook-14-grey-20rv0002mh/7zzm
"
Lenovo ThinkPad T590 Black 20N4004WPB PL
","1.818,00",https://www.1a.lv/p/acer-nitro-5-an515-43-black-nh-q5xel-00f/7oro
"
Lenovo ThinkPad E14 Black 20RA000WPB PL
","787,00",https://www.1a.lv/p/acer-nitro-5-an515-43-black-nh-q5xel-00f/7oro
"
Lenovo ThinkBook 15 Gray 20RW0002PB PL
","904,00",https://www.1a.lv/p/acer-nitro-5-an515-43-black-nh-q5xel-00f/7oro
"
Lenovo ThinkBook 15 Gray 20RW0000PB PL
","1.010,00",https://www.1a.lv/p/acer-nitro-5-an515-43-black-nh-q5xel-00f/7oro
"
Dell Vostro 3590 Black i3 4GB 1TB UHD DVD W10P PL
","634,00",https://www.1a.lv/p/acer-nitro-5-an515-43-black-nh-q5xel-00f/7oro
"
Dell Latitude 5500 Black S005L550015PL
","1.107,00",https://www.1a.lv/p/acer-nitro-5-an515-43-black-nh-q5xel-00f/7oro
"
Dell Vostro 3590 Black i5 8/256GB UHD DVD W10P PL
","644,00",https://www.1a.lv/p/acer-nitro-5-an515-43-black-nh-q5xel-00f/7oro
"
Dell Vostro 7590 Silver i5 8/256GB GTX1050 W10P PL
","1.150,00",https://www.1a.lv/p/acer-nitro-5-an515-43-black-nh-q5xel-00f/7oro
"
Dell Latitude 5400 Black S013L540014PL
","1.004,00",https://www.1a.lv/p/acer-nitro-5-an515-43-black-nh-q5xel-00f/7oro
"
Dell Latitude 5500 Black N022L550015EMEA PL
","1.250,00",https://www.1a.lv/p/acer-nitro-5-an515-43-black-nh-q5xel-00f/7oro
"
Lenovo ThinkPad L13 Black 20R30003PB PL
","845,00",https://www.1a.lv/p/acer-nitro-5-an515-43-black-nh-q5xel-00f/7oro
"
Dell Latitude 3400 Black N013L340014EMEA PL
","791,00",https://www.1a.lv/p/acer-nitro-5-an515-43-black-nh-q5xel-00f/7oro
"
Lenovo ThinkPad E490 Black 20N8000QPB PL
","1.003,00",https://www.1a.lv/p/acer-nitro-5-an515-43-black-nh-q5xel-00f/7oro
"
Lenovo ThinkPad E15 Black 20RD0020PB PL
","1.010,00",https://www.1a.lv/p/acer-nitro-5-an515-43-black-nh-q5xel-00f/7oro
"
Lenovo ThinkPad E15 Black 20RD0015PB PL
","1.033,00",https://www.1a.lv/p/acer-nitro-5-an515-43-black-nh-q5xel-00f/7oro
"
Dell Vostro 5490 Grey i7 8/256GB MX250 W10P PL
","1.077,00",https://www.1a.lv/p/acer-nitro-5-an515-43-black-nh-q5xel-00f/7oro
"
Dell Vostro 5490 Grey i7 16/512GB MX250 W10P PL
","1.153,00",https://www.1a.lv/p/acer-nitro-5-an515-43-black-nh-q5xel-00f/7oro
"
Dell Vostro 14 3490 Black i5 78/256GB W10P PL
","679,00",https://www.1a.lv/p/acer-nitro-5-an515-43-black-nh-q5xel-00f/7oro
"
Dell G5 5590 Black 273256815
","1.152,00",https://www.1a.lv/p/acer-nitro-5-an515-43-black-nh-q5xel-00f/7oro
"
Dell Vostro 5581 Silver N3104VN5581EMEA01_1905 PL
","1.038,00",https://www.1a.lv/p/acer-nitro-5-an515-43-black-nh-q5xel-00f/7oro
"
Lenovo ThinkPad E14 Black 20RA0019PB PL
","871,00",https://www.1a.lv/p/acer-nitro-5-an515-43-black-nh-q5xel-00f/7oro
"
Lenovo ThinkPad E14 Silver 20RA0015PB PL
","826,00",https://www.1a.lv/p/acer-nitro-5-an515-43-black-nh-q5xel-00f/7oro
"
Lenovo ThinkPad E14 Black 20RA0012PB PL
","1.018,00",https://www.1a.lv/p/acer-nitro-5-an515-43-black-nh-q5xel-00f/7oro
"
Dell Inspiration 5491 7212 Silver PL
","669,00",https://www.1a.lv/p/acer-nitro-5-an515-43-black-nh-q5xel-00f/7oro
"
Dell Inspiration 5491 7243 Grey PL
","923,00",https://www.1a.lv/p/acer-nitro-5-an515-43-black-nh-q5xel-00f/7oro
"
Dell Inspiration 5491 7236 Grey PL
","946,00",https://www.1a.lv/p/acer-nitro-5-an515-43-black-nh-q5xel-00f/7oro
"
Dell Vostro 5490 Grey N4101VN5490EMEA01_1
","627,00",https://www.1a.lv/p/acer-nitro-5-an515-43-black-nh-q5xel-00f/7oro
"
MSI GL75 9SD-243NL
","1.599,00",https://www.1a.lv/p/acer-nitro-5-an515-43-black-nh-q5xel-00f/7oro
"
Lenovo ThinkPad T495 Black 20NK000HMH
","1.784,00",https://www.1a.lv/p/acer-nitro-5-an515-43-black-nh-q5xel-00f/7oro
"
Dell Latitude 5300 2-in-1 Black i5 8/256GB W10P
","1.115,00",https://www.1a.lv/p/acer-nitro-5-an515-43-black-nh-q5xel-00f/7oro
"
HP Omen X 2S 15-dg0003nw 6WQ73EA PL
","2.505,00",https://www.1a.lv/p/acer-nitro-5-an515-43-black-nh-q5xel-00f/7oro
"
Dell G3 15 3590 Black 273256692
","1.204,00",https://www.1a.lv/p/acer-nitro-5-an515-43-black-nh-q5xel-00f/7oro
"
HP ProBook 455R G6 7DD76EA#B1R
","765,00",https://www.1a.lv/p/acer-nitro-5-an515-43-black-nh-q5xel-00f/7oro
"
Dell Vostro 5490 Grey i5 8/256GB MX230 Ubu
","753,00",https://www.1a.lv/p/acer-nitro-5-an515-43-black-nh-q5xel-00f/7oro
"
HP Omen X 2S 15-dg0001nw 6WM40EA PL
","2.505,00",https://www.1a.lv/p/acer-nitro-5-an515-43-black-nh-q5xel-00f/7oro
"
HP 255 G7 Grey 7DC73EA#ABB
","525,00",https://www.1a.lv/p/acer-nitro-5-an515-43-black-nh-q5xel-00f/7oro
"
Dell G3 15 3590 White 273257001
","926,00",https://www.1a.lv/p/acer-nitro-5-an515-43-black-nh-q5xel-00f/7oro
"
Acer Aspire 7 A715-74G Black NH.Q5TEL.00H
","1.005,00",https://www.1a.lv/p/acer-nitro-5-an515-43-black-nh-q5xel-00f/7oro
"
Acer Aspire 7 A715-73G Black NH.Q52EL.003
","1.118,00",https://www.1a.lv/p/acer-nitro-5-an515-43-black-nh-q5xel-00f/7oro
"
Lenovo ThinkPad X1 Carbon 7th Gen 20QD00L2PB PL
","1.928,00",https://www.1a.lv/p/acer-nitro-5-an515-43-black-nh-q5xel-00f/7oro
"
Lenovo ThinkPad X1 Carbon 7th Gen 20QD00KTPB PL
","2.694,00",https://www.1a.lv/p/acer-nitro-5-an515-43-black-nh-q5xel-00f/7oro
"
Lenovo Yoga S730-13 Platinum 81J00085PB PL
","887,00",https://www.1a.lv/p/acer-nitro-5-an515-43-black-nh-q5xel-00f/7oro
"
Lenovo Yoga 720-13 81C300B3PB Iron Grey PL
","868,00",https://www.1a.lv/p/acer-nitro-5-an515-43-black-nh-q5xel-00f/7oro
"
Lenovo Legion Y540-15 81SX009CPB PL
","1.400,00",https://www.1a.lv/p/acer-nitro-5-an515-43-black-nh-q5xel-00f/7oro
"
HP ProBook 455R G6 6EB39EA#ABH
","582,00",https://www.1a.lv/p/acer-nitro-5-an515-43-black-nh-q5xel-00f/7oro
"
Dell Vostro 5490 Grey i3 4/128GB Ubu
","584,00",https://www.1a.lv/p/acer-nitro-5-an515-43-black-nh-q5xel-00f/7oro
"
Dell G5 5590 White 273257019
","1.164,00",https://www.1a.lv/p/acer-nitro-5-an515-43-black-nh-q5xel-00f/7oro
"
Asus TUF Gaming FX705DU-AU034T
","1.044,00",https://www.1a.lv/p/acer-nitro-5-an515-43-black-nh-q5xel-00f/7oro
"
Lenovo V340-17IWL Iron Grey 81RG000EPB PL
","936,00",https://www.1a.lv/p/acer-nitro-5-an515-43-black-nh-q5xel-00f/7oro
"
Dell Vostro 5590 Grey i5 8/256GB W10P PL
","866,00",https://www.1a.lv/p/acer-nitro-5-an515-43-black-nh-q5xel-00f/7oro
"
Dell Vostro 5490 Grey i5 8/256GB W10P PL
","908,00",https://www.1a.lv/p/acer-nitro-5-an515-43-black-nh-q5xel-00f/7oro
"
Dell Vostro 5490 Grey i5 8/512GB W10P PL
","1.089,00",https://www.1a.lv/p/acer-nitro-5-an515-43-black-nh-q5xel-00f/7oro
"
Dell Vostro 5490 Grey i5 8/256GB MX230 W10P PL
","836,00",https://www.1a.lv/p/acer-nitro-5-an515-43-black-nh-q5xel-00f/7oro
"
Dell Inspiron 15 3593 Black 3593-4460 PL
","876,00",https://www.1a.lv/p/acer-nitro-5-an515-43-black-nh-q5xel-00f/7oro
"
Dell G3 15 3590 Black 3590-7311 PL
","912,00",https://www.1a.lv/p/acer-nitro-5-an515-43-black-nh-q5xel-00f/7oro
"
HP ProBook 450 G6 5TJ99EA PL
","923,00",https://www.1a.lv/p/hp-probook-450-g6-5tj99ea-pl/7g4r
"
HP 250 G7 Silver 6EC67EA PL
","747,00",https://www.1a.lv/p/hp-probook-450-g6-5tj99ea-pl/7g4r
"
Acer Nitro 5 AN515-54 Black NH.Q59EL.01P
","856,00",https://www.1a.lv/p/hp-probook-450-g6-5tj99ea-pl/7g4r
"
Lenovo ThinkPad T490s 20NX006SMH
","1.457,00",https://www.1a.lv/p/hp-probook-450-g6-5tj99ea-pl/7g4r
"
Lenovo ThinkPad L590 20Q70019PB PL
","1.036,00",https://www.1a.lv/p/hp-probook-450-g6-5tj99ea-pl/7g4r
"
Lenovo V340-17IWL Iron Grey 81RG000CPB PL
","935,00",https://www.1a.lv/p/hp-probook-450-g6-5tj99ea-pl/7g4r
"
Lenovo ThinkPad L590 20Q70018PB PL
","949,00",https://www.1a.lv/p/hp-probook-450-g6-5tj99ea-pl/7g4r
"
Lenovo Legion Y520-15IKBM 80YY008KPB PL
","1.139,00",https://www.1a.lv/p/hp-probook-450-g6-5tj99ea-pl/7g4r
"
Acer Aspire 5 A515-43 Black NX.HF6EL.003
","681,00",https://www.1a.lv/p/hp-probook-450-g6-5tj99ea-pl/7g4r
"
Lenovo IdeaPad S145-15IWL Black 81MV00KTPB PL
","582,00",https://www.1a.lv/p/hp-probook-450-g6-5tj99ea-pl/7g4r
"
Lenovo Ideapad L340-17IRH Gaming Black 81LL004APB PL
","902,00",https://www.1a.lv/p/hp-probook-450-g6-5tj99ea-pl/7g4r
"
Lenovo Ideapad 530S-14IKB Grey 81EU00LVPB PL
","922,00",https://www.1a.lv/p/hp-probook-450-g6-5tj99ea-pl/7g4r
"
Dell Vostro 7590 Silver i7 8/256GB W10P PL
","1.194,00",https://www.1a.lv/p/hp-probook-450-g6-5tj99ea-pl/7g4r
"
Lenovo ThinkPad X1 Carbon 7th Gen 20QD00L1PB PL
","2.290,00",https://www.1a.lv/p/hp-probook-450-g6-5tj99ea-pl/7g4r
"
Lenovo ThinkPad L490 Black 20Q50025PB PL
","1.248,00",https://www.1a.lv/p/hp-probook-450-g6-5tj99ea-pl/7g4r
"
Lenovo V340-17IWL Iron Grey 81RG000DPB PL
","738,00",https://www.1a.lv/p/hp-probook-450-g6-5tj99ea-pl/7g4r
"
Lenovo ThinkPad L590 20Q7001LPB PL
","1.091,00",https://www.1a.lv/p/hp-probook-450-g6-5tj99ea-pl/7g4r
"
Lenovo ThinkPad L590 20Q7001EPB PL
","941,00",https://www.1a.lv/p/hp-probook-450-g6-5tj99ea-pl/7g4r
"
Lenovo ThinkPad L490 Black 20Q50023PB PL
","1.034,00",https://www.1a.lv/p/hp-probook-450-g6-5tj99ea-pl/7g4r
"
Lenovo ThinkPad L490 Black 20Q50021PB PL
","1.057,00",https://www.1a.lv/p/hp-probook-450-g6-5tj99ea-pl/7g4r
"
Lenovo ThinkPad L490 Black 20Q5001YPB PL
","900,00",https://www.1a.lv/p/hp-probook-450-g6-5tj99ea-pl/7g4r
"
Lenovo IdeaPad S145-14IWL Black 81MU00D0PB PL
","452,00",https://www.1a.lv/p/hp-probook-450-g6-5tj99ea-pl/7g4r
"
Notebook Lenovo L340-15IRH Gaming
","855,00",https://www.1a.lv/p/hp-probook-450-g6-5tj99ea-pl/7g4r
"
Lenovo Ideapad C340-14API Black 81N60056PB PL
","482,00",https://www.1a.lv/p/hp-probook-450-g6-5tj99ea-pl/7g4r
"
Dell Latitude 7400 2-in-1 i5 8/256GB W10P
","2.005,00",https://www.1a.lv/p/hp-probook-450-g6-5tj99ea-pl/7g4r
"
Lenovo ThinkPad T490s 20NX0076MH
","1.797,00",https://www.1a.lv/p/hp-probook-450-g6-5tj99ea-pl/7g4r
"
Lenovo ThinkPad T490s 20NX0078MH
","1.907,00",https://www.1a.lv/p/hp-probook-450-g6-5tj99ea-pl/7g4r
"
Lenovo ThinkPad T490 Black 20N2006JMH
","1.704,00",https://www.1a.lv/p/hp-probook-450-g6-5tj99ea-pl/7g4r
"
Lenovo ThinkPad T490 Black 20N20076MH
","1.592,00",https://www.1a.lv/p/hp-probook-450-g6-5tj99ea-pl/7g4r
"
Lenovo ThinkPad P53 Black 20QN002VMH
","2.416,00",https://www.1a.lv/p/hp-probook-450-g6-5tj99ea-pl/7g4r
"
Dell Latitude 5300 2-in-1 N013L5300132N1EMEA
","1.715,00",https://www.1a.lv/p/hp-probook-450-g6-5tj99ea-pl/7g4r
"
Dell Latitude 7400 2-in-1 i7 16/512GB W10P
","2.377,00",https://www.1a.lv/p/hp-probook-450-g6-5tj99ea-pl/7g4r
"
HP ProBook 430 G6 5PP46EA#B1R
","893,00",https://www.1a.lv/p/hp-probook-450-g6-5tj99ea-pl/7g4r
"
Lenovo ThinkPad P53s Black 20N60032MH
","2.276,00",https://www.1a.lv/p/hp-probook-450-g6-5tj99ea-pl/7g4r
"
Dell Precision 5540 Titan Gray i7 8/256GB T1000 W10P
","1.859,00",https://www.1a.lv/p/hp-probook-450-g6-5tj99ea-pl/7g4r
"
Dell Latitude 5401 Black N010L540114EMEA_3
","1.521,00",https://www.1a.lv/p/hp-probook-450-g6-5tj99ea-pl/7g4r
"
Lenovo ThinkPad X1 Yoga 4 Iron Gray 20QF00AFMH
","2.352,00",https://www.1a.lv/p/hp-probook-450-g6-5tj99ea-pl/7g4r
"
Lenovo ThinkPad X1 Yoga 4 Iron Gray 20QF00AEMH
","2.670,00",https://www.1a.lv/p/hp-probook-450-g6-5tj99ea-pl/7g4r
"
Lenovo ThinkPad X1 Carbon 7th Gen 20QD00L1MH
","2.337,00",https://www.1a.lv/p/hp-probook-450-g6-5tj99ea-pl/7g4r
"
Lenovo ThinkPad P53s Black 20N6002PMH
","1.900,00",https://www.1a.lv/p/hp-probook-450-g6-5tj99ea-pl/7g4r
"
Lenovo ThinkPad P43s Black 20RH001UMH
","2.384,00",https://www.1a.lv/p/hp-probook-450-g6-5tj99ea-pl/7g4r
"
Lenovo ThinkPad P43s Black 20RH0021MH
","1.971,00",https://www.1a.lv/p/hp-probook-450-g6-5tj99ea-pl/7g4r
"
Dell G5 5590 Black 273215568
","1.743,00",https://www.1a.lv/p/hp-probook-450-g6-5tj99ea-pl/7g4r
"
Dell G5 5590 Black 273215567
","1.743,00",https://www.1a.lv/p/hp-probook-450-g6-5tj99ea-pl/7g4r
"
Lenovo ThinkPad X390 Yoga Black 20NN00FDMH
","1.678,00",https://www.1a.lv/p/hp-probook-450-g6-5tj99ea-pl/7g4r
"
Lenovo ThinkPad E495 Black 20NE001GMH
","755,00",https://www.1a.lv/p/hp-probook-450-g6-5tj99ea-pl/7g4r
"
Lenovo ThinkPad T590 Black 20N4004FMH
","1.513,00",https://www.1a.lv/p/hp-probook-450-g6-5tj99ea-pl/7g4r
"
Lenovo ThinkPad T490 Black 20N2005UMH
","1.515,00",https://www.1a.lv/p/hp-probook-450-g6-5tj99ea-pl/7g4r
"
Dell Latitude 5401 Black N010L540114EMEA
","1.483,00",https://www.1a.lv/p/hp-probook-450-g6-5tj99ea-pl/7g4r
"
Dell Latitude 5401 N007L540114EMEA
","1.649,00",https://www.1a.lv/p/hp-probook-450-g6-5tj99ea-pl/7g4r
"
Lenovo ThinkPad T495 Black 20NJ000XMH
","1.064,00",https://www.1a.lv/p/hp-probook-450-g6-5tj99ea-pl/7g4r
"
Lenovo ThinkPad T490s 20NX000EMH
","1.951,00",https://www.1a.lv/p/hp-probook-450-g6-5tj99ea-pl/7g4r
"
Lenovo ThinkPad T490s Black 20NX0054MH
","1.808,00",https://www.1a.lv/p/lenovo-thinkpad-t490s-black-20nx0054mh/6s2a
"
Lenovo ThinkPad X1 Carbon 7th Gen 20QD00L3MH
","1.765,00",https://www.1a.lv/p/hp-probook-450-g6-5tj99ea-pl/7g4r
"
Dell G3 15 3590 Black 273230073
","877,00",https://www.1a.lv/p/lenovo-thinkpad-t490s-black-20nx0054mh/6s2a
"
Lenovo ThinkPad X395 Black 20NL000JMH
","1.571,00",https://www.1a.lv/p/hp-probook-450-g6-5tj99ea-pl/7g4r
"
Dell Precision 3541 Black N007PN3541165P6CEE
","1.885,00",https://www.1a.lv/p/lenovo-thinkpad-t490s-black-20nx0054mh/6s2a
"
Lenovo ThinkPad T495s Black 20QJ001GMH
","1.489,00",https://www.1a.lv/p/hp-probook-450-g6-5tj99ea-pl/7g4r
"
Dell Latitude 3301 Grey N021L330113EMEA
","992,00",https://www.1a.lv/p/lenovo-thinkpad-t490s-black-20nx0054mh/6s2a
"
Dell Latitude 3301 Black N015L330113EMEA
","823,00",https://www.1a.lv/p/lenovo-thinkpad-t490s-black-20nx0054mh/6s2a
"
Lenovo ThinkPad T495 Black 20NJ0016MH
","1.284,00",https://www.1a.lv/p/hp-probook-450-g6-5tj99ea-pl/7g4r
"
Dell G5 5590 Black 273215563
","1.082,00",https://www.1a.lv/p/lenovo-thinkpad-t490s-black-20nx0054mh/6s2a
"
Lenovo ThinkPad T490 Black 20N2005SMH
","1.656,00",https://www.1a.lv/p/hp-probook-450-g6-5tj99ea-pl/7g4r
"
Acer Aspire 5 A515-54 Black NX.HDJEL.008
","889,00",https://www.1a.lv/p/hp-probook-450-g6-5tj99ea-pl/7g4r
"
HP Omen 15-dc1052nw 7QA24EA
","1.476,00",https://www.1a.lv/p/lenovo-thinkpad-t490s-black-20nx0054mh/6s2a
"
Acer Nitro 5 AN515-54 Black NH.Q59EL.003
","1.049,00",https://www.1a.lv/p/lenovo-thinkpad-t490s-black-20nx0054mh/6s2a
"
Lenovo ThinkPad E595 Black 20NF0006MH
","668,00",https://www.1a.lv/p/hp-probook-450-g6-5tj99ea-pl/7g4r
"
Acer Aspire 7 A715-72G Black NH.GXBEL.005
","920,00",https://www.1a.lv/p/lenovo-thinkpad-t490s-black-20nx0054mh/6s2a
"
Lenovo IdeaPad L340-15IRH Gaming 81LK00B2PB
","768,00",https://www.1a.lv/p/hp-probook-450-g6-5tj99ea-pl/7g4r
"
Dell Latitude 5300 2-in-1 i5 8/256GB W10P ENG/RUS
","1.324,00",https://www.1a.lv/p/hp-probook-450-g6-5tj99ea-pl/7g4r
"
HP EliteBook 830 G6 6XE16EA#B1R
","1.750,00",https://www.1a.lv/p/lenovo-thinkpad-t490s-black-20nx0054mh/6s2a
"
ASUS TUF Gaming FX505DU-AL079T
","1.028,00",https://www.1a.lv/p/lenovo-thinkpad-t490s-black-20nx0054mh/6s2a
"
Dell Latitude 3400 Black N004L340014EMEA_2
","713,00",https://www.1a.lv/p/hp-probook-450-g6-5tj99ea-pl/7g4r
"
Lenovo V130-15 Iron Grey 81HN00HRPB
","555,00",https://www.1a.lv/p/lenovo-thinkpad-t490s-black-20nx0054mh/6s2a
"
Lenovo ThinkPad T490 Black 20N2005VMH
","1.375,00",https://www.1a.lv/p/hp-probook-450-g6-5tj99ea-pl/7g4r
"
Lenovo ThinkPad X390 Black 20Q00056MH
","1.549,00",https://www.1a.lv/p/hp-probook-450-g6-5tj99ea-pl/7g4r
"
Lenovo IdeaPad L340-15IRH Gaming 81LK00B6PB
","956,00",https://www.1a.lv/p/lenovo-thinkpad-t490s-black-20nx0054mh/6s2a
"
HP EliteBook 850 G6 6XD66EA#B1R
","1.995,00",https://www.1a.lv/p/lenovo-thinkpad-t490s-black-20nx0054mh/6s2a
"
Lenovo ThinkPad X1 Carbon 7th Gen 20QE000XMH
","2.352,00",https://www.1a.lv/p/hp-probook-450-g6-5tj99ea-pl/7g4r
"
Acer Predator Helios 300 PH317-53 NH.Q5PEP.001
","1.625,00",https://www.1a.lv/p/lenovo-thinkpad-t490s-black-20nx0054mh/6s2a
"
Lenovo ThinkPad T590 Black 20N4004EMH
","1.437,00",https://www.1a.lv/p/hp-probook-450-g6-5tj99ea-pl/7g4r
"
HP ProBook 450 G6 6MS69EA#B1R
","1.102,00",https://www.1a.lv/p/hp-probook-450-g6-5tj99ea-pl/7g4r
"
HP EliteBook 830 G6 6XE59EA#B1R
","1.258,00",https://www.1a.lv/p/lenovo-thinkpad-t490s-black-20nx0054mh/6s2a
"
HP 250 G7 SSD Whiskey Lake i5 W10
","768,00",https://www.1a.lv/p/lenovo-thinkpad-t490s-black-20nx0054mh/6s2a
"
Lenovo ThinkPad T490 Black 20N2005TMH
","1.666,00",https://www.1a.lv/p/hp-probook-450-g6-5tj99ea-pl/7g4r
"
Lenovo ThinkPad L590 20Q7001FMH
","1.030,00",https://www.1a.lv/p/lenovo-thinkpad-t490s-black-20nx0054mh/6s2a
"
Lenovo ThinkPad X390 Black 20Q00057MH
","1.710,00",https://www.1a.lv/p/hp-probook-450-g6-5tj99ea-pl/7g4r
"
Lenovo ThinkPad X390 Black 20Q00055MH
","1.566,00",https://www.1a.lv/p/hp-probook-450-g6-5tj99ea-pl/7g4r
"
Lenovo ThinkPad L590 20Q7001BMH
","1.004,00",https://www.1a.lv/p/lenovo-thinkpad-t490s-black-20nx0054mh/6s2a
"
Lenovo ThinkPad L490 Black 20Q50021MH
","1.007,00",https://www.1a.lv/p/lenovo-thinkpad-t490s-black-20nx0054mh/6s2a
"
Lenovo ThinkPad X1 Carbon 7th Gen 20QD00KSMH
","1.971,00",https://www.1a.lv/p/hp-probook-450-g6-5tj99ea-pl/7g4r
"
Lenovo ThinkPad L490 Black 20Q5001YMH
","945,00",https://www.1a.lv/p/lenovo-thinkpad-t490s-black-20nx0054mh/6s2a
"
Lenovo ThinkPad T490s Black 20NX0056MH
","1.634,00",https://www.1a.lv/p/hp-probook-450-g6-5tj99ea-pl/7g4r
"
Lenovo ThinkPad L490 Black 20Q50020MH
","995,00",https://www.1a.lv/p/lenovo-thinkpad-t490s-black-20nx0054mh/6s2a
"
Lenovo ThinkPad L490 Black 20Q5001YMX
","945,00",https://www.1a.lv/p/lenovo-thinkpad-t490s-black-20nx0054mh/6s2a
"
HP EliteBook x360 1040 G6 7KN26EA#B1R
","1.783,00",https://www.1a.lv/p/lenovo-thinkpad-t490s-black-20nx0054mh/6s2a
"
HP EliteBook 830 G6 6XE12EA#B1R
","1.621,00",https://www.1a.lv/p/lenovo-thinkpad-t490s-black-20nx0054mh/6s2a
"
Acer Predator Helios 300 PH315-52 NH.Q54EP.004
","1.463,00",https://www.1a.lv/p/lenovo-thinkpad-t490s-black-20nx0054mh/6s2a
"
HP Omen 15-dc0009nw 4XH05EA|32
","1.766,00",https://www.1a.lv/p/lenovo-thinkpad-t490s-black-20nx0054mh/6s2a
"
Microsoft Surface Book 2 13.5"" HNN-00025
","2.902,00",https://www.1a.lv/p/lenovo-thinkpad-t490s-black-20nx0054mh/6s2a
"
Lenovo Ideapad 330-15ARR 81D200JJPB
","623,00",https://www.1a.lv/p/lenovo-thinkpad-t490s-black-20nx0054mh/6s2a
"
DELL Vostro 3580 Black i3 4GB 1TB W10P
","640,00",https://www.1a.lv/p/lenovo-thinkpad-t490s-black-20nx0054mh/6s2a
"
MSI GS75 Stealth 9SD-440PL
","1.973,00",https://www.1a.lv/p/lenovo-thinkpad-t490s-black-20nx0054mh/6s2a
"
ASUS TUF Gaming FX505DT-AL087T
","769,00",https://www.1a.lv/p/lenovo-thinkpad-t490s-black-20nx0054mh/6s2a
"
HP ZBook 15v G5 Silver 2ZC55EA#ABB
","1.383,00",https://www.1a.lv/p/lenovo-thinkpad-t490s-black-20nx0054mh/6s2a
"
Microsoft Surface Laptop 2 Platinum LQP-00024
","1.592,00",https://www.1a.lv/p/lenovo-thinkpad-t490s-black-20nx0054mh/6s2a
"
Dell Latitude 7300 Aluminium 273185415
","1.511,00",https://www.1a.lv/p/lenovo-thinkpad-t490s-black-20nx0054mh/6s2a
"
Dell Latitude 7300 Carbon Fiber 273185449
","1.593,00",https://www.1a.lv/p/lenovo-thinkpad-t490s-black-20nx0054mh/6s2a
"
Dell Latitude 7300 Aluminium 273185418
","1.797,00",https://www.1a.lv/p/lenovo-thinkpad-t490s-black-20nx0054mh/6s2a
"
Dell Latitude 7400 Carbon Fiber 273183458
","1.706,00",https://www.1a.lv/p/lenovo-thinkpad-t490s-black-20nx0054mh/6s2a
"
Lenovo ThinkPad T480S 20L8002TMH
","1.861,00",https://www.1a.lv/p/lenovo-thinkpad-t490s-black-20nx0054mh/6s2a
"
Dell G5 5590 Black 273178510
","1.082,00",https://www.1a.lv/p/lenovo-thinkpad-t490s-black-20nx0054mh/6s2a
"
Lenovo ThinkPad E490 Black 20N80019PB
","746,00",https://www.1a.lv/p/lenovo-thinkpad-t490s-black-20nx0054mh/6s2a
"
Lenovo V130-15 Iron Grey 81HN00LPPB
","646,00",https://www.1a.lv/p/lenovo-thinkpad-t490s-black-20nx0054mh/6s2a
"
Lenovo ThinkPad E490 Grey 20N8000SPB
","886,00",https://www.1a.lv/p/lenovo-thinkpad-t490s-black-20nx0054mh/6s2a
"
Lenovo Yoga S730-13 Platinum 81J00084PB
","780,00",https://www.1a.lv/p/lenovo-thinkpad-t490s-black-20nx0054mh/6s2a
"
Lenovo Legion Y530-15 81FV017BPB
","972,00",https://www.1a.lv/p/lenovo-thinkpad-t490s-black-20nx0054mh/6s2a
"
Acer Nitro 5 AN515-54 Full HD SSD GTX Coffe Lake H i5
","1.018,00",https://www.1a.lv/p/lenovo-thinkpad-t490s-black-20nx0054mh/6s2a
"
Lenovo ThinkPad P52 Black 20M9001QPB
","2.193,00",https://www.1a.lv/p/lenovo-thinkpad-t490s-black-20nx0054mh/6s2a
"
Fujitsu Lifebook E459 Black VFY:E4590M350SNC
","733,00",https://www.1a.lv/p/lenovo-thinkpad-t490s-black-20nx0054mh/6s2a
"
Fujitsu Lifebook E449 Black VFY:E4490M330SNC
","633,00",https://www.1a.lv/p/lenovo-thinkpad-t490s-black-20nx0054mh/6s2a
"
Fujitsu Lifebook E449 Black VFY:E4490M350SNC
","709,00",https://www.1a.lv/p/lenovo-thinkpad-t490s-black-20nx0054mh/6s2a
"
Lenovo Ideapad S340-14 Platinum Grey 81NB001RLT
","649,00",https://www.1a.lv/p/lenovo-thinkpad-t490s-black-20nx0054mh/6s2a
"
Dell Latitude 5500 Black N017L550015EMEA
","1.161,00",https://www.1a.lv/p/lenovo-thinkpad-t490s-black-20nx0054mh/6s2a
"
Dell Latitude 5500 Black N030L550015EMEA
","1.521,00",https://www.1a.lv/p/lenovo-thinkpad-t490s-black-20nx0054mh/6s2a
"
Acer Aspire 7 A715-72G Black NH.GXCEL.004
","926,00",https://www.1a.lv/p/lenovo-thinkpad-t490s-black-20nx0054mh/6s2a
"
DELL Inspiron 5482 Silver 273055678
","674,00",https://www.1a.lv/p/dell-inspiron-5482-silver-273055678/4nye
"
Dell Latitude 5500 Black N019L550015EMEA
","1.055,00",https://www.1a.lv/p/lenovo-thinkpad-t490s-black-20nx0054mh/6s2a
"
Dell Latitude 5400 Black N013L540014EMEA
","1.057,00",https://www.1a.lv/p/lenovo-thinkpad-t490s-black-20nx0054mh/6s2a
"
HP Elitebook 1050 G1 Silver 4QY37EA#B1R
","2.204,00",https://www.1a.lv/p/dell-inspiron-5482-silver-273055678/4nye
"
Lenovo ThinkPad X390 Black 20Q1000LMH
","1.428,00",https://www.1a.lv/p/lenovo-thinkpad-t490s-black-20nx0054mh/6s2a
"
Lenovo Legion Y530-15 Full HD GTX Ti SSD i5 W10
","924,00",https://www.1a.lv/p/dell-inspiron-5482-silver-273055678/4nye
"
Lenovo Legion Y530-15 Full HD GTX Ti SSD i7 W10
","1.159,00",https://www.1a.lv/p/dell-inspiron-5482-silver-273055678/4nye
"
Lenovo Legion Y530-15 81LB00A0MX
","1.259,00",https://www.1a.lv/p/lenovo-thinkpad-t490s-black-20nx0054mh/6s2a
"
Asus ZenBook S13 Blue UX392FN-AB006R
","1.331,00",https://www.1a.lv/p/lenovo-thinkpad-t490s-black-20nx0054mh/6s2a
"
Lenovo Legion Y530-15 Full HD GTX Ti SSD i5 v3
","1.084,00",https://www.1a.lv/p/dell-inspiron-5482-silver-273055678/4nye
"
Lenovo ThinkPad X390 Yoga Black 20NN002JMH
","1.806,00",https://www.1a.lv/p/lenovo-thinkpad-t490s-black-20nx0054mh/6s2a
"
Lenovo Legion Y530-15 Full HD GTX 1060 SSD i5
","1.020,00",https://www.1a.lv/p/dell-inspiron-5482-silver-273055678/4nye
"
Lenovo ThinkPad X390 Yoga Black 20NN0026MH
","1.631,00",https://www.1a.lv/p/lenovo-thinkpad-t490s-black-20nx0054mh/6s2a
"
Lenovo ThinkPad T490s Black 20NX001MMX
","1.618,00",https://www.1a.lv/p/lenovo-thinkpad-t490s-black-20nx0054mh/6s2a
"
Lenovo Legion Y730-15 Full HD GTX Ti Coffe Lake i7
","1.492,00",https://www.1a.lv/p/dell-inspiron-5482-silver-273055678/4nye
"
MSI GE63 Raider RGB 8SG-001NL GE63RAIDERRGB8SG-001NL
","2.699,00",https://www.1a.lv/p/dell-inspiron-5482-silver-273055678/4nye
"
Acer Nitro 5 AN515-54 Black NH.Q59EL.001
","1.202,00",https://www.1a.lv/p/lenovo-thinkpad-t490s-black-20nx0054mh/6s2a
"
HP ProBook 450 G6 5PP67EA#B1R
","914,00",https://www.1a.lv/p/dell-inspiron-5482-silver-273055678/4nye
"
Lenovo ThinkPad L380 20M5000UGE
","670,00",https://www.1a.lv/p/lenovo-thinkpad-t490s-black-20nx0054mh/6s2a
"
Lenovo Legion Y530-15 81FV014LLT
","1.034,00",https://www.1a.lv/p/dell-inspiron-5482-silver-273055678/4nye
"
Microsoft Surface Book 2 13"" HNL-00014
","2.706,00",https://www.1a.lv/p/dell-inspiron-5482-silver-273055678/4nye
"
Dell Inspiron 3580 Black i5 8GB 1TB W10H
","738,00",https://www.1a.lv/p/lenovo-thinkpad-t490s-black-20nx0054mh/6s2a
"
Microsoft Surface Book 2 FVH-00030
","3.713,00",https://www.1a.lv/p/dell-inspiron-5482-silver-273055678/4nye
"
Lenovo ThinkPad X390 Black 20Q0002QMX
","1.520,00",https://www.1a.lv/p/lenovo-thinkpad-t490s-black-20nx0054mh/6s2a
"
Lenovo ThinkPad T490 Black 20N2000MMX
","2.182,00",https://www.1a.lv/p/lenovo-thinkpad-t490s-black-20nx0054mh/6s2a
"
Lenovo V330-14IKB Grey 81B0004YPB
","722,00",https://www.1a.lv/p/dell-inspiron-5482-silver-273055678/4nye
"
Lenovo ThinkPad L580 20LW0032PB
","627,00",https://www.1a.lv/p/dell-inspiron-5482-silver-273055678/4nye
"
Dell Latitude 3400 Black N004L340014EMEA
","654,00",https://www.1a.lv/p/lenovo-thinkpad-t490s-black-20nx0054mh/6s2a
"
Lenovo ThinkPad L480 20LS0022PB
","615,00",https://www.1a.lv/p/dell-inspiron-5482-silver-273055678/4nye
"
Lenovo Yoga 730-13 Iron Grey 81JR001CLT
","990,00",https://www.1a.lv/p/lenovo-thinkpad-t490s-black-20nx0054mh/6s2a
"
Lenovo ThinkPad X390 Black 20Q0002LMX
","1.557,00",https://www.1a.lv/p/lenovo-thinkpad-t490s-black-20nx0054mh/6s2a
"
Dell Inspiron 15 3593 Silver i5 4/256GB MX230 W10
","582,00",https://www.1a.lv/p/dell-inspiron-5482-silver-273055678/4nye
"
Lenovo Ideapad C340-14API 81N6004VPB PL
","519,00",https://www.1a.lv/p/dell-inspiron-5482-silver-273055678/4nye
"
Microsoft Surface Book 2 13.5"" HN4-00025
","2.140,00",https://www.1a.lv/p/lenovo-thinkpad-t490s-black-20nx0054mh/6s2a
"
HP 255 G7 Black A4 8/256GB R3 DOS
","346,00",https://www.1a.lv/p/dell-inspiron-5482-silver-273055678/4nye
"
Lenovo ThinkPad T580 20LA001TMH
","1.303,00",https://www.1a.lv/p/lenovo-thinkpad-t490s-black-20nx0054mh/6s2a
"
Lenovo Ideapad S540-14API 81NH003TPB Mineral Grey
","623,00",https://www.1a.lv/p/dell-inspiron-5482-silver-273055678/4nye
"
Prestigio SmartBook PSB133S Dark Brown
","299,00",https://www.1a.lv/p/dell-inspiron-5482-silver-273055678/4nye
"
Dell Latitude 5500 Black N005L550015EMEA
","1.037,00",https://www.1a.lv/p/dell-inspiron-5482-silver-273055678/4nye
"
Dell Inspiron 14 5490 Silver 273333469
","866,00",https://www.1a.lv/p/dell-inspiron-5482-silver-273055678/4nye
"
Dell Inspiron 13 7391 2 in 1 Black 273322175
","1.112,00",https://www.1a.lv/p/dell-inspiron-5482-silver-273055678/4nye
"
Lenovo ThinkPad L13 Yoga Black 20R5000BPB PL
","1.181,00",https://www.1a.lv/p/dell-inspiron-5482-silver-273055678/4nye
"
Lenovo Ideapad S145-15API 81UT006NPB
","438,00",https://www.1a.lv/p/dell-inspiron-5482-silver-273055678/4nye
"
Dell Latitude 5400 Black N054L540014EMEA
","1.105,00",https://www.1a.lv/p/dell-inspiron-5482-silver-273055678/4nye
"
Notebook Asus Vivobook X412DA Ryzen 3200
","449,00",https://www.1a.lv/p/dell-inspiron-5482-silver-273055678/4nye
"
Dell Latitude 5500 Black N019L550015EMEA_3
","1.081,00",https://www.1a.lv/p/dell-inspiron-5482-silver-273055678/4nye
"
Dell Latitude 5400 Black N047L540014EMEA
","911,00",https://www.1a.lv/p/dell-inspiron-5482-silver-273055678/4nye
"
Huawei MateBook D 15.6 Grey 53010TUE PL
","587,00",https://www.1a.lv/p/dell-inspiron-5482-silver-273055678/4nye
"
Lenovo ThinkPad X1 Extreme Gen2 20QV001GPB PL
","2.541,00",https://www.1a.lv/p/dell-inspiron-5482-silver-273055678/4nye
"
HP ENVY x360 13-ar0014nw 9CL12EA
","849,00",https://www.1a.lv/p/dell-inspiron-5482-silver-273055678/4nye
"
HP EliteBook 745 G6 7KN28EA#B1R
","1.089,00",https://www.1a.lv/p/dell-inspiron-5482-silver-273055678/4nye
"
Lenovo ThinkPad E490 Black 20N80019PB_256_1TB PL
","761,00",https://www.1a.lv/p/dell-inspiron-5482-silver-273055678/4nye
"
Lenovo ThinkPad E495 Black 20NE000JPB PL
","705,00",https://www.1a.lv/p/dell-inspiron-5482-silver-273055678/4nye
"
Lenovo ThinkBook 13s 20RR0003PB PL
","1.171,00",https://www.1a.lv/p/dell-inspiron-5482-silver-273055678/4nye
"
Lenovo ThinkPad X390 Yoga Black 20NN00FDPB PL
","1.527,00",https://www.1a.lv/p/dell-inspiron-5482-silver-273055678/4nye
"
Lenovo ThinkPad X1 Yoga 4 Iron Gray 20QF00ADPB PL
","2.831,00",https://www.1a.lv/p/dell-inspiron-5482-silver-273055678/4nye
"
Lenovo ThinkPad T495 Black 20NJ000XPB PL
","1.192,00",https://www.1a.lv/p/dell-inspiron-5482-silver-273055678/4nye
"
HP ProBook 455R G6 7DC23EA#B1R
","817,00",https://www.1a.lv/p/dell-inspiron-5482-silver-273055678/4nye
"
HP EliteBook 840 G6 7KP13EA#B1R
","1.491,00",https://www.1a.lv/p/dell-inspiron-5482-silver-273055678/4nye
"
Lenovo ThinkPad X395 Black 20NL001RMH
","1.240,00",https://www.1a.lv/p/dell-inspiron-5482-silver-273055678/4nye
"
Lenovo ThinkPad T495 Black 20NJ0011PB PL
","1.346,00",https://www.1a.lv/p/dell-inspiron-5482-silver-273055678/4nye
"
Dell Inspiron 14 5491 2-in-1 Silver 273282389
","938,00",https://www.1a.lv/p/dell-inspiron-5482-silver-273055678/4nye
"
HP EliteBook x360 1030 G4 Silver 7YL50EA#B1R
","2.035,00",https://www.1a.lv/p/dell-inspiron-5482-silver-273055678/4nye
"
Dell Inspiron 14 5491 2-in-1 Silver 273282392
","1.030,00",https://www.1a.lv/p/dell-inspiron-5482-silver-273055678/4nye
"
Dell Vostro 3590 Black i3 8GB 256GB UHD DVD W10P
","590,00",https://www.1a.lv/p/dell-inspiron-5482-silver-273055678/4nye
"
Dell Vostro 5590 Grey i7 8/256GB MX250 W10P PL
","1.024,00",https://www.1a.lv/p/dell-inspiron-5482-silver-273055678/4nye
"
Asus VivoBook 15 X509FA-BQ830T PL
","707,00",https://www.1a.lv/p/dell-inspiron-5482-silver-273055678/4nye
"
Lenovo ThinkPad X1 Yoga 4 Iron Gray 20QF00ABPB PL
","2.949,00",https://www.1a.lv/p/dell-inspiron-5482-silver-273055678/4nye
"
Lenovo ThinkPad X1 Yoga 4 Iron Gray 20QF00AEPB PL
","2.700,00",https://www.1a.lv/p/dell-inspiron-5482-silver-273055678/4nye
"
Dell Vostro 5590 Grey i5 8/512GB W10P PL
","923,00",https://www.1a.lv/p/dell-inspiron-5482-silver-273055678/4nye
"
Dell Latitude 5401 Black N001L540114EMEA PL
","1.274,00",https://www.1a.lv/p/dell-inspiron-5482-silver-273055678/4nye
"
Lenovo ThinkPad E15 Black 20RD001EPB PL
","795,00",https://www.1a.lv/p/dell-inspiron-5482-silver-273055678/4nye
"
Dell Vostro 3590 Black i5 8/256GB R610 W10P
","738,00",https://www.1a.lv/p/dell-inspiron-5482-silver-273055678/4nye
"
Dell Vostro 3590 Black i5 8/256GB R610 Ubu
","623,00",https://www.1a.lv/p/dell-inspiron-5482-silver-273055678/4nye
"
Asus VivoBook 15 X509FJ-BQ167T Slate Grey
","783,00",https://www.1a.lv/p/dell-inspiron-5482-silver-273055678/4nye
"
Lenovo ThinkPad E14 Black 20RA001DPB PL
","946,00",https://www.1a.lv/p/dell-inspiron-5482-silver-273055678/4nye
"
Lenovo ThinkPad E14 Black 20RA0016PB PL
","890,00",https://www.1a.lv/p/dell-inspiron-5482-silver-273055678/4nye
"
HP EliteBook 840 G6 6XD43EA#B1R
","1.465,00",https://www.1a.lv/p/dell-inspiron-5482-silver-273055678/4nye
"
Dell Inspiron 14 5490 Silver 273256619
","723,00",https://www.1a.lv/p/dell-inspiron-5482-silver-273055678/4nye
"
Dell Inspiron 14 5490 Silver 273256943
","633,00",https://www.1a.lv/p/dell-inspiron-5482-silver-273055678/4nye
"
Dell Latitude 3500 Black N023L350015EMEA
","969,00",https://www.1a.lv/p/dell-inspiron-5482-silver-273055678/4nye
"
Asus ZenBook UX434FLC-A5177T Blue
","1.280,00",https://www.1a.lv/p/dell-inspiron-5482-silver-273055678/4nye
"
Lenovo V340-17IWL Iron Grey 81RG000BPB PL
","1.075,00",https://www.1a.lv/p/dell-inspiron-5482-silver-273055678/4nye
"
HP EliteBook 840 G6 6XD76EA#B1R
","1.233,00",https://www.1a.lv/p/hp-elitebook-840-g6-6xd76ea-b1r/6s4n
"
HP 250 G7 Black 7DC11EA#ABB
","584,00",https://www.1a.lv/p/dell-inspiron-5482-silver-273055678/4nye
"
Dell Latitude 5500 Black N021L550015EMEA_US
","1.278,00",https://www.1a.lv/p/hp-elitebook-840-g6-6xd76ea-b1r/6s4n
"
Asus X543MA-DM621 Grey
","348,00",https://www.1a.lv/p/dell-inspiron-5482-silver-273055678/4nye
"
Dell Precision 3541 Black N007PN354182P6CEE
","1.419,00",https://www.1a.lv/p/dell-inspiron-5482-silver-273055678/4nye
"
Fujitsu Lifebook E558 LKN:E5580M0006FI
","1.131,00",https://www.1a.lv/p/hp-elitebook-840-g6-6xd76ea-b1r/6s4n
"
HP EliteBook 850 G6 6XD79EA#B1R
","1.258,00",https://www.1a.lv/p/hp-elitebook-840-g6-6xd76ea-b1r/6s4n
"
HP ProBook 650 G5 6XE26EA#B1R
","1.059,00",https://www.1a.lv/p/dell-inspiron-5482-silver-273055678/4nye
"
HP ProBook 455R G6 Full HD SSD Ryzen 3 W10 Pro
","739,00",https://www.1a.lv/p/hp-elitebook-840-g6-6xd76ea-b1r/6s4n
"
HP ProBook 445R G6 7DD97EA#B1R
","700,00",https://www.1a.lv/p/dell-inspiron-5482-silver-273055678/4nye
"
MSI GP65 Leopard 9SD-021NL
","1.599,00",https://www.1a.lv/p/dell-inspiron-5482-silver-273055678/4nye
"
Dell Latitude 7300 Aluminium 273185448
","1.816,00",https://www.1a.lv/p/hp-elitebook-840-g6-6xd76ea-b1r/6s4n
"
HP 250 G7 Black 6MQ34EA
","335,00",https://www.1a.lv/p/dell-inspiron-5482-silver-273055678/4nye
"
Dell Latitude 7400 Aluminium 273187731
","1.812,00",https://www.1a.lv/p/hp-elitebook-840-g6-6xd76ea-b1r/6s4n
"
Lenovo ThinkPad E490 Black 20N8005EPB
","623,00",https://www.1a.lv/p/hp-elitebook-840-g6-6xd76ea-b1r/6s4n
"
Lenovo ThinkPad E490 Black 20N8002APB
","853,00",https://www.1a.lv/p/hp-elitebook-840-g6-6xd76ea-b1r/6s4n
"
Asus ZenBook 14 UX431FA-AM025T
","772,00",https://www.1a.lv/p/hp-elitebook-840-g6-6xd76ea-b1r/6s4n
"
Fujitsu Lifebook E459 Black VFY:E4590M330SNC
","624,00",https://www.1a.lv/p/hp-elitebook-840-g6-6xd76ea-b1r/6s4n
"
Lenovo Legion Y530-15 81LB003UMX
","1.114,00",https://www.1a.lv/p/hp-elitebook-840-g6-6xd76ea-b1r/6s4n
"
HP 250 G7 Silver 6BP04EA#ABB
","493,00",https://www.1a.lv/p/hp-elitebook-840-g6-6xd76ea-b1r/6s4n
"
Dell Latitude 3300 Black N015L330013EMEA
","918,00",https://www.1a.lv/p/hp-elitebook-840-g6-6xd76ea-b1r/6s4n
"
Dell Latitude 3400 Black N016L340014EMEA
","891,00",https://www.1a.lv/p/hp-elitebook-840-g6-6xd76ea-b1r/6s4n
"
Lenovo ThinkPad L390 Black 20NR0013MH
","815,00",https://www.1a.lv/p/hp-elitebook-840-g6-6xd76ea-b1r/6s4n
"
Lenovo Yoga 920-13 Platinum 80Y700G6PB
","1.038,00",https://www.1a.lv/p/hp-elitebook-840-g6-6xd76ea-b1r/6s4n
"
Lenovo Ideapad 330S-15 Full HD GTX Coffe Lake i5 W10
","842,00",https://www.1a.lv/p/hp-elitebook-840-g6-6xd76ea-b1r/6s4n
"
Prestigio SmartBook PSB133S Metal Dark Grey
","299,00",https://www.1a.lv/p/hp-elitebook-840-g6-6xd76ea-b1r/6s4n
"
Lenovo Yoga C930-13 Grey 81C4008RPB
","1.153,00",https://www.1a.lv/p/hp-elitebook-840-g6-6xd76ea-b1r/6s4n
"
HP ProBook 450 G6 5TK70EA#B1R
","832,00",https://www.1a.lv/p/hp-elitebook-840-g6-6xd76ea-b1r/6s4n
"
DELL Latitude 5490 Black N120L549014EMEA
","1.430,00",https://www.1a.lv/p/hp-elitebook-840-g6-6xd76ea-b1r/6s4n
"
Lenovo Yoga C930-13 Grey 81C4008SPB
","1.291,00",https://www.1a.lv/p/hp-elitebook-840-g6-6xd76ea-b1r/6s4n
"
Lenovo V15 Iron Gray 82C7001HPB PL
","483,00",https://www.1a.lv/p/hp-elitebook-840-g6-6xd76ea-b1r/6s4n
"
Lenovo ThinkPad X1 Carbon 7th Gen 20QES0800G
","1.227,00",https://www.1a.lv/p/hp-elitebook-840-g6-6xd76ea-b1r/6s4n
"
Lenovo V15 Iron Gray 82C7000SPB PL
","588,00",https://www.1a.lv/p/hp-elitebook-840-g6-6xd76ea-b1r/6s4n
"
Lenovo Ideapad C340-14IIML 81TK00LBLT
","579,00",https://www.1a.lv/p/hp-elitebook-840-g6-6xd76ea-b1r/6s4n
"
Lenovo Ideapad S340-15IIL 81VW00ERLT
","649,00",https://www.1a.lv/p/hp-elitebook-840-g6-6xd76ea-b1r/6s4n
"
Lenovo V130-15 Iron Grey 81HL0025MH_W10H
","301,00",https://www.1a.lv/p/hp-elitebook-840-g6-6xd76ea-b1r/6s4n
"
Lenovo Yoga 920-13IKB Platinum 80Y700B0PB PL
","1.153,00",https://www.1a.lv/p/hp-elitebook-840-g6-6xd76ea-b1r/6s4n
"
Lenovo Yoga C930-13IKB Grey 81C400LCPB PL
","1.199,00",https://www.1a.lv/p/hp-elitebook-840-g6-6xd76ea-b1r/6s4n
"
Lenovo Yoga 920-13IKB Platinum 80Y700B1PB PL
","1.061,00",https://www.1a.lv/p/hp-elitebook-840-g6-6xd76ea-b1r/6s4n
"
Lenovo V15-IIL Iron Gray 82C5002JPB PL
","761,00",https://www.1a.lv/p/hp-elitebook-840-g6-6xd76ea-b1r/6s4n
"
Lenovo ThinkPad X1 Carbon 7th Gen 20QD00LMPB PL
","2.594,00",https://www.1a.lv/p/hp-elitebook-840-g6-6xd76ea-b1r/6s4n
"
Lenovo V130-15IKB Iron Grey 81HN00LPPB_8_256 PL
","692,00",https://www.1a.lv/p/hp-elitebook-840-g6-6xd76ea-b1r/6s4n
"
Lenovo ThinkPad E14 Black 20RA001XPB PL
","933,00",https://www.1a.lv/p/hp-elitebook-840-g6-6xd76ea-b1r/6s4n
"
Lenovo Ideapad S540-15 IML Grey 81NG00A0PB PL
","663,00",https://www.1a.lv/p/hp-elitebook-840-g6-6xd76ea-b1r/6s4n
"
Lenovo Ideapad S540-14API Abyss Blue 81NH009SLT
","627,00",https://www.1a.lv/p/hp-elitebook-840-g6-6xd76ea-b1r/6s4n
"
Lenovo Yoga C930-13IKB Grey 81C400LDPB PL
","1.222,00",https://www.1a.lv/p/hp-elitebook-840-g6-6xd76ea-b1r/6s4n
"
Lenovo ThinkPad E490 Black 20N80019PB_256 PL
","738,00",https://www.1a.lv/p/hp-elitebook-840-g6-6xd76ea-b1r/6s4n
"
Lenovo Yoga 920-13IKB Platinum 80Y8005TPB PL
","1.061,00",https://www.1a.lv/p/hp-elitebook-840-g6-6xd76ea-b1r/6s4n
"
Lenovo ThinkPad T480S Black 20L8S9J700 PL
","1.038,00",https://www.1a.lv/p/hp-elitebook-840-g6-6xd76ea-b1r/6s4n
"
Lenovo ThinkPad T480 20L6SAPM00_256 PL
","853,00",https://www.1a.lv/p/hp-elitebook-840-g6-6xd76ea-b1r/6s4n
"
Lenovo ThinkPad T480 20L6SAPM00_16 PL
","923,00",https://www.1a.lv/p/hp-elitebook-840-g6-6xd76ea-b1r/6s4n
"
Lenovo ThinkPad T480 20L6SAPM00_16_256 PL
","899,00",https://www.1a.lv/p/hp-elitebook-840-g6-6xd76ea-b1r/6s4n
"
Lenovo ThinkPad E15 Black 20RD001FPB_1TB PL
","876,00",https://www.1a.lv/p/hp-elitebook-840-g6-6xd76ea-b1r/6s4n
"
Lenovo ThinkPad A485 Black 20MVS0PK01 PL
","715,00",https://www.1a.lv/p/hp-elitebook-840-g6-6xd76ea-b1r/6s4n
"
Asus ROG Zephyrus G15 GA502IU-AZ015T
","1.403,00",https://www.1a.lv/p/hp-elitebook-840-g6-6xd76ea-b1r/6s4n
"
HP ProBook 450 G6 5PP67EA PL
","913,00",https://www.1a.lv/p/hp-elitebook-840-g6-6xd76ea-b1r/6s4n
"
HP ProBook 440 G6 Silver 5PQ22EA PL
","1.329,00",https://www.1a.lv/p/hp-elitebook-840-g6-6xd76ea-b1r/6s4n
"
Lenovo V15-IKB Iron Gray 81YD000NMH
","347,00",https://www.1a.lv/p/hp-elitebook-840-g6-6xd76ea-b1r/6s4n
"
Lenovo ThinkBook 15 Gray 20SM002LMH
","706,00",https://www.1a.lv/p/hp-elitebook-840-g6-6xd76ea-b1r/6s4n
"
HP ProBook 450 G7 Silver 8VU60EA#B1R
","997,00",https://www.1a.lv/p/hp-elitebook-840-g6-6xd76ea-b1r/6s4n
"
HP ProBook 450 G7 Silver 8VU85EA#B1R
","793,00",https://www.1a.lv/p/hp-elitebook-840-g6-6xd76ea-b1r/6s4n
"
HP ProBook 440 G7 Silver 8VU46EA#B1R
","1.188,00",https://www.1a.lv/p/hp-elitebook-840-g6-6xd76ea-b1r/6s4n
"
HP ProBook 440 G7 Silver 8VU04EA#B1R
","929,00",https://www.1a.lv/p/hp-elitebook-840-g6-6xd76ea-b1r/6s4n
"
HP ProBook 440 G7 Silver 8VU11EA#B1R
","1.035,00",https://www.1a.lv/p/hp-elitebook-840-g6-6xd76ea-b1r/6s4n
"
HP ProBook 430 G7 Silver 8VU50EA#B1R
","1.174,00",https://www.1a.lv/p/hp-elitebook-840-g6-6xd76ea-b1r/6s4n
"
HP 250 G7 Silver 6EC12EA#ABB
","755,00",https://www.1a.lv/p/hp-elitebook-840-g6-6xd76ea-b1r/6s4n
"
Dell Vostro 3591 Black i7 8/512GB MX230 W10P
","920,00",https://www.1a.lv/p/hp-elitebook-840-g6-6xd76ea-b1r/6s4n
"
Lenovo ThinkPad P53s Black 20QN002QPB PL
","2.943,00",https://www.1a.lv/p/hp-elitebook-840-g6-6xd76ea-b1r/6s4n
"
Dell Vostro 3591 Black i7 8/512GB MX230 Ubu
","800,00",https://www.1a.lv/p/hp-elitebook-840-g6-6xd76ea-b1r/6s4n
"
Asus VivoBook S14 S433FA-EB039T Dreamy White
","708,00",https://www.1a.lv/p/hp-elitebook-840-g6-6xd76ea-b1r/6s4n
"
Dell Vostro 3591 Black N5007VN3591EMEA01_2101 PL
","764,00",https://www.1a.lv/p/dell-vostro-3591-black-n5007vn3591emea01_2101-pl/8odg
"
Dell Vostro 5490 Grey N4109VN5490EMEA01
","956,00",https://www.1a.lv/p/hp-elitebook-840-g6-6xd76ea-b1r/6s4n
"
Dell Vostro 5590 Grey N5105VN5590EMEA01
","1.091,00",https://www.1a.lv/p/hp-elitebook-840-g6-6xd76ea-b1r/6s4n
"
Dell Vostro 3591 Black N3503VN3591EMEA01_UBU
","546,00",https://www.1a.lv/p/dell-vostro-3591-black-n5007vn3591emea01_2101-pl/8odg
"
Acer Swift 3 SF314-57 Pink NX.HJKEL.002
","596,00",https://www.1a.lv/p/hp-elitebook-840-g6-6xd76ea-b1r/6s4n
"
Dell Inspiron 7590 Black 7590-8599 PL
","1.111,00",https://www.1a.lv/p/dell-vostro-3591-black-n5007vn3591emea01_2101-pl/8odg
"
Asus 15 X509MA-BQ064T Slate Gray
","361,00",https://www.1a.lv/p/dell-vostro-3591-black-n5007vn3591emea01_2101-pl/8odg
"
Dell Vostro 3591 Black i5 8/512GB W10P
","784,00",https://www.1a.lv/p/hp-elitebook-840-g6-6xd76ea-b1r/6s4n
"
Dell Vostro 3591 Black N5005VN3591EMEA01_2101_pro
","759,00",https://www.1a.lv/p/dell-vostro-3591-black-n5007vn3591emea01_2101-pl/8odg
"
Dell Vostro 3591 Black i5 8/512GB Ubu
","657,00",https://www.1a.lv/p/hp-elitebook-840-g6-6xd76ea-b1r/6s4n
"
Dell Inspiron 14 5491 2-in-1 Silver i7 16/512GB W10H PL
","1.038,00",https://www.1a.lv/p/dell-vostro-3591-black-n5007vn3591emea01_2101-pl/8odg
"
Toshiba Dynabook Satellite Pro L50-G-13M PBS12E-03E009PL
","954,00",https://www.1a.lv/p/dell-vostro-3591-black-n5007vn3591emea01_2101-pl/8odg
"
DELL Inspiron 5770 Silver 5770-2164|W10 PL
","724,00",https://www.1a.lv/p/hp-elitebook-840-g6-6xd76ea-b1r/6s4n
"
Dell Vostro 3591 Black N5007VN3591EMEA01_2101_pro
","824,00",https://www.1a.lv/p/hp-elitebook-840-g6-6xd76ea-b1r/6s4n
"
Toshiba Dynabook Satellite Pro L50-G-17E PBS12E-04N02KPL
","1.006,00",https://www.1a.lv/p/dell-vostro-3591-black-n5007vn3591emea01_2101-pl/8odg
"
Dell Vostro 3591 Black N5007VN3591EMEA01_2101_ubu
","704,00",https://www.1a.lv/p/hp-elitebook-840-g6-6xd76ea-b1r/6s4n
"
Toshiba Dynabook Satellite Pro L50-G-14L PBS12E-03W01JG3
","626,00",https://www.1a.lv/p/dell-vostro-3591-black-n5007vn3591emea01_2101-pl/8odg
"
Prestigio Smartbook 141S Blue PSB141S01ZFH_BB
","199,00",https://www.1a.lv/p/dell-vostro-3591-black-n5007vn3591emea01_2101-pl/8odg
"
Dell Vostro 3591 Black N3503VN3591EMEA01_2101_pro
","734,00",https://www.1a.lv/p/hp-elitebook-840-g6-6xd76ea-b1r/6s4n
"
Prestigio SmartBook 141 C3 2/64GB W10H ENG Dark Grey
","209,00",https://www.1a.lv/p/dell-vostro-3591-black-n5007vn3591emea01_2101-pl/8odg
"
Dell Vostro 3591 Black N5005VN3591EMEA01_2101_ubu
","645,00",https://www.1a.lv/p/dell-vostro-3591-black-n5007vn3591emea01_2101-pl/8odg
"
Dell G3 15 3590 Black i7 8/256GB 1TB GTX1660Ti W10
","1.084,00",https://www.1a.lv/p/dell-vostro-3591-black-n5007vn3591emea01_2101-pl/8odg
"
Dell G3 15 3590 Black i7 8/256GB 1TB GTX1660Ti NoOS
","1.038,00",https://www.1a.lv/p/dell-vostro-3591-black-n5007vn3591emea01_2101-pl/8odg
"
Dell G7 7790 Black i7 16/256GB 1TB RTX2060 W10
","1.614,00",https://www.1a.lv/p/dell-vostro-3591-black-n5007vn3591emea01_2101-pl/8odg
"
Dell G5 5590 Black 273256818
","1.724,00",https://www.1a.lv/p/dell-vostro-3591-black-n5007vn3591emea01_2101-pl/8odg
"
Prestigio SmartBook 141 C3 2/64GB W10H ENG Metal Grey
","209,00",https://www.1a.lv/p/dell-vostro-3591-black-n5007vn3591emea01_2101-pl/8odg
"
Dell Vostro 3591 Black i7 8GB 512GB MX230 W10P PL
","890,00",https://www.1a.lv/p/dell-vostro-3591-black-n5007vn3591emea01_2101-pl/8odg
"
Acer Predator Helios 300 PH315-52 NH.Q53EP.025 PL
","1.057,00",https://www.1a.lv/p/dell-vostro-3591-black-n5007vn3591emea01_2101-pl/8odg
"
Lenovo ThinkPad X1 Extreme Gen2 20QV001FPB PL
","3.232,00",https://www.1a.lv/p/dell-vostro-3591-black-n5007vn3591emea01_2101-pl/8odg
"
Asus ZenBook UX434FAC-A5225T Silver PL
","904,00",https://www.1a.lv/p/dell-vostro-3591-black-n5007vn3591emea01_2101-pl/8odg
"
Lenovo ThinkPad X390 Black 20Q0005NPB PL
","1.727,00",https://www.1a.lv/p/dell-vostro-3591-black-n5007vn3591emea01_2101-pl/8odg
"
Asus VivoBook Flip TP401MA-EC166T PL
","498,00",https://www.1a.lv/p/dell-vostro-3591-black-n5007vn3591emea01_2101-pl/8odg
"
Microsoft Surface Laptop 3 13.5"" Platinum VGY-00008
","1.146,00",https://www.1a.lv/p/dell-vostro-3591-black-n5007vn3591emea01_2101-pl/8odg
"
Microsoft Surface Laptop 3 15"" Platinum RDZ-00008 PL
","1.870,00",https://www.1a.lv/p/dell-vostro-3591-black-n5007vn3591emea01_2101-pl/8odg
"
Microsoft Surface Laptop 3 15"" Black RDZ-00029 PL
","1.930,00",https://www.1a.lv/p/dell-vostro-3591-black-n5007vn3591emea01_2101-pl/8odg
"
Asus ROG Zephyrus S GX701GXR-HG114T PL
","2.808,00",https://www.1a.lv/p/dell-vostro-3591-black-n5007vn3591emea01_2101-pl/8odg
"
Lenovo Legion Y530-15ICH 81FV01ARPB PL
","829,00",https://www.1a.lv/p/dell-vostro-3591-black-n5007vn3591emea01_2101-pl/8odg
"
Asus ZenBook Pro Duo UX581GV-H2004R Celestial Blue
","2.561,00",https://www.1a.lv/p/dell-vostro-3591-black-n5007vn3591emea01_2101-pl/8odg
"
Asus TUF Gaming FX705DT-AU068T
","1.105,00",https://www.1a.lv/p/dell-vostro-3591-black-n5007vn3591emea01_2101-pl/8odg
"
Lenovo ThinkPad L480 i3 8/256GB W10P PL
","725,00",https://www.1a.lv/p/dell-vostro-3591-black-n5007vn3591emea01_2101-pl/8odg
"
Asus VivoBook S14 S431FA-EB019T Gun Grey
","717,00",https://www.1a.lv/p/dell-vostro-3591-black-n5007vn3591emea01_2101-pl/8odg
"
Acer Predator Helios 500 PH517-61 NH.Q3GEL.009
","1.836,00",https://www.1a.lv/p/dell-vostro-3591-black-n5007vn3591emea01_2101-pl/8odg
"
Asus ZenBook 13 UX334FL-A4021R White
","1.992,00",https://www.1a.lv/p/dell-vostro-3591-black-n5007vn3591emea01_2101-pl/8odg
"
Microsoft Surface Laptop 3 15"" Black VGZ-00029
","1.687,00",https://www.1a.lv/p/dell-vostro-3591-black-n5007vn3591emea01_2101-pl/8odg
"
Microsoft Surface Laptop 3 15"" Platinum V4G-00008
","1.460,00",https://www.1a.lv/p/dell-vostro-3591-black-n5007vn3591emea01_2101-pl/8odg
"
Lenovo V14 Grey 82C4008GPB PL
","704,00",https://www.1a.lv/p/dell-vostro-3591-black-n5007vn3591emea01_2101-pl/8odg
"
Lenovo IdeaPad S145-15IGM 81MX0055EU
","338,00",https://www.1a.lv/p/dell-vostro-3591-black-n5007vn3591emea01_2101-pl/8odg
"
Dell XPS 13 7390 Silver White 7390-8438 PL
","1.556,00",https://www.1a.lv/p/dell-vostro-3591-black-n5007vn3591emea01_2101-pl/8odg
"
Lenovo ThinkPad T490 Black 20N2007JPB PL
","1.910,00",https://www.1a.lv/p/dell-vostro-3591-black-n5007vn3591emea01_2101-pl/8odg
"
Lenovo ThinkBook 14 Grey 20SL000LMH
","981,00",https://www.1a.lv/p/lenovo-thinkbook-14-grey-20sl000lmh/8ko2
"
Lenovo ThinkPad T490s Black 20NX003UPB PL
","1.902,00",https://www.1a.lv/p/dell-vostro-3591-black-n5007vn3591emea01_2101-pl/8odg
"
Lenovo ThinkBook 14 Grey 20SL0049MH
","613,00",https://www.1a.lv/p/lenovo-thinkbook-14-grey-20sl000lmh/8ko2
"
Dell Vostro 14 3491 Black i5 8/256GB MX230 Ubu
","593,00",https://www.1a.lv/p/lenovo-thinkbook-14-grey-20sl000lmh/8ko2
"
ASUS VivoBook 17 X712FA-AU353T Silver PL
","814,00",https://www.1a.lv/p/dell-vostro-3591-black-n5007vn3591emea01_2101-pl/8odg
"
Lenovo ThinkPad P1 Gen 2 Black 20QT007KPB PL
","3.417,00",https://www.1a.lv/p/dell-vostro-3591-black-n5007vn3591emea01_2101-pl/8odg
"
Dell Vostro 14 3491 Black i5 8/256GB MX230 W10H
","659,00",https://www.1a.lv/p/lenovo-thinkbook-14-grey-20sl000lmh/8ko2
"
Dell Vostro 3591 Black N5021PVN3591EMEA01
","705,00",https://www.1a.lv/p/lenovo-thinkbook-14-grey-20sl000lmh/8ko2
"
Dell Inspiron 14 5490 273333468
","711,00",https://www.1a.lv/p/dell-vostro-3591-black-n5007vn3591emea01_2101-pl/8odg
"
Dell Vostro 3591 Black i5 8/256GB UHD W10H
","622,00",https://www.1a.lv/p/lenovo-thinkbook-14-grey-20sl000lmh/8ko2
"
Lenovo V14 Grey 82C40019MH
","592,00",https://www.1a.lv/p/dell-vostro-3591-black-n5007vn3591emea01_2101-pl/8odg
"
Lenovo ThinkPad T490 Black 20N2006KPB PL
","1.931,00",https://www.1a.lv/p/dell-vostro-3591-black-n5007vn3591emea01_2101-pl/8odg
"
Dell Vostro 3591 Black i5 8/512GB UHD Ubu
","601,00",https://www.1a.lv/p/lenovo-thinkbook-14-grey-20sl000lmh/8ko2
"
Dell Vostro 3591 Black N3503VN3591EMEA01
","650,00",https://www.1a.lv/p/lenovo-thinkbook-14-grey-20sl000lmh/8ko2
"
MSI GL65 Leopard 10SDR-057XPL PL
","1.205,00",https://www.1a.lv/p/dell-vostro-3591-black-n5007vn3591emea01_2101-pl/8odg
"
Dell Vostro 5590 Grey N5106VN5590EMEA01
","960,00",https://www.1a.lv/p/lenovo-thinkbook-14-grey-20sl000lmh/8ko2
"
Dell Vostro 3590 Black i7 8/256GB W10P PL
","876,00",https://www.1a.lv/p/lenovo-thinkbook-14-grey-20sl000lmh/8ko2
"
MSI GL65 9SC-044XPL PL
","807,00",https://www.1a.lv/p/dell-vostro-3591-black-n5007vn3591emea01_2101-pl/8odg
"
MSI GL65 Leopard 10SCSR-007XPL PL
","987,00",https://www.1a.lv/p/dell-vostro-3591-black-n5007vn3591emea01_2101-pl/8odg
"
Dell Inspiron 3580 Silver i5 8/256GB R520 W10H PL
","772,00",https://www.1a.lv/p/lenovo-thinkbook-14-grey-20sl000lmh/8ko2
"
MSI GF65 Thin 9SEXR-261XPL PL
","992,00",https://www.1a.lv/p/dell-vostro-3591-black-n5007vn3591emea01_2101-pl/8odg
"
HP 340S G7 Silver 8VV01EA PL
","761,00",https://www.1a.lv/p/lenovo-thinkbook-14-grey-20sl000lmh/8ko2
"
Dell Vostro 3591 Black i5 4GB 1TB W10P PL
","669,00",https://www.1a.lv/p/lenovo-thinkbook-14-grey-20sl000lmh/8ko2
"
Dell Latitude 5501 i5 8/256 UHD W10P
","1.059,00",https://www.1a.lv/p/dell-vostro-3591-black-n5007vn3591emea01_2101-pl/8odg
"
Asus TUF Gaming FX705DT-H7116 PL
","725,00",https://www.1a.lv/p/dell-vostro-3591-black-n5007vn3591emea01_2101-pl/8odg
"
Dell Vostro 3591 Black i5 8GB 1TB W10P PL
","715,00",https://www.1a.lv/p/lenovo-thinkbook-14-grey-20sl000lmh/8ko2
"
Acer Nitro 5 AN515-54 Black NH.Q59EP.033 PL
","831,00",https://www.1a.lv/p/lenovo-thinkbook-14-grey-20sl000lmh/8ko2
"
HP 255 G7 Grey 7DF20EU
","494,00",https://www.1a.lv/p/dell-vostro-3591-black-n5007vn3591emea01_2101-pl/8odg
"
HP 255 G7 Black R5 8/256GB DOS PL
","554,00",https://www.1a.lv/p/lenovo-thinkbook-14-grey-20sl000lmh/8ko2
"
Notebook Asus X509JA-BQ039T I3
","517,00",https://www.1a.lv/p/lenovo-thinkbook-14-grey-20sl000lmh/8ko2
"
Toshiba Dynabook Tecra X40-F-147 PMR31E-0Y000TPL
","1.845,00",https://www.1a.lv/p/dell-vostro-3591-black-n5007vn3591emea01_2101-pl/8odg
"
Toshiba Dynabook Tecra X40-F-145 PMR31E-0XX00TPL
","1.387,00",https://www.1a.lv/p/dell-vostro-3591-black-n5007vn3591emea01_2101-pl/8odg
"
Lenovo ThinkPad P53s Black 20N6002SPB PL
","2.374,00",https://www.1a.lv/p/lenovo-thinkbook-14-grey-20sl000lmh/8ko2
"
Lenovo ThinkPad T490 Black 20N2007HPB PL
","1.769,00",https://www.1a.lv/p/dell-vostro-3591-black-n5007vn3591emea01_2101-pl/8odg
"
Dell G3 15 3590 Black i5 8/512GB 1650 W10H PL
","897,00",https://www.1a.lv/p/lenovo-thinkbook-14-grey-20sl000lmh/8ko2
"
Dell G3 15 3590 Black i5 8GB 512GB W10H PL
","888,00",https://www.1a.lv/p/lenovo-thinkbook-14-grey-20sl000lmh/8ko2
"
Lenovo ThinkPad T490s Black 20NX007GPB PL
","2.192,00",https://www.1a.lv/p/dell-vostro-3591-black-n5007vn3591emea01_2101-pl/8odg
"
Lenovo ThinkPad T590 Black 20N4005JPB PL
","1.861,00",https://www.1a.lv/p/dell-vostro-3591-black-n5007vn3591emea01_2101-pl/8odg
"
Asus VivoBook 15 X509FA-BQ309
","530,00",https://www.1a.lv/p/lenovo-thinkbook-14-grey-20sl000lmh/8ko2
"
HP EliteBook 850 G6 6XD79EA#ACB
","1.258,00",https://www.1a.lv/p/lenovo-thinkbook-14-grey-20sl000lmh/8ko2
"
MSI GL65 Leopard 10SER-012XPL PL
","1.343,00",https://www.1a.lv/p/dell-vostro-3591-black-n5007vn3591emea01_2101-pl/8odg
"
Lenovo ThinkPad A285 Black 20MW000JMH
","1.031,00",https://www.1a.lv/p/lenovo-thinkbook-14-grey-20sl000lmh/8ko2
"
Dell Precision 7540 Black i7 16/512GB T2000 W10P
","2.068,00",https://www.1a.lv/p/lenovo-thinkbook-14-grey-20sl000lmh/8ko2
"
Lenovo ThinkPad T490s Black 20NX006RPB PL
","1.888,00",https://www.1a.lv/p/dell-vostro-3591-black-n5007vn3591emea01_2101-pl/8odg
"
Dell Vostro 3591 Black N5011VN3591EMEA01
","836,00",https://www.1a.lv/p/dell-vostro-3591-black-n5007vn3591emea01_2101-pl/8odg
"
Dell G5 5590 Black 273215557
","1.254,00",https://www.1a.lv/p/lenovo-thinkbook-14-grey-20sl000lmh/8ko2
"
Asus ZenBook Duo UX481FL-BM039T Celestial Blue
","1.525,00",https://www.1a.lv/p/dell-vostro-3591-black-n5007vn3591emea01_2101-pl/8odg
"
Acer Nitro 5 AN515-52 Black NH.Q3LEP.019
","722,00",https://www.1a.lv/p/lenovo-thinkbook-14-grey-20sl000lmh/8ko2
"
HP 250 G7 Gemini Lake Celeron
","312,00",https://www.1a.lv/p/lenovo-thinkbook-14-grey-20sl000lmh/8ko2
"
Asus VivoBook S14 S433FA-EB031T Indie Black
","706,00",https://www.1a.lv/p/dell-vostro-3591-black-n5007vn3591emea01_2101-pl/8odg
"
Lenovo V15-IKB Iron Gray 81YD000LPB PL
","601,00",https://www.1a.lv/p/dell-vostro-3591-black-n5007vn3591emea01_2101-pl/8odg
"
Huawei MateBook X Pro 53010CRD
","1.383,00",https://www.1a.lv/p/lenovo-thinkbook-14-grey-20sl000lmh/8ko2
"
Lenovo ThinkPad A485 Black 20MV0001MH
","859,00",https://www.1a.lv/p/lenovo-thinkbook-14-grey-20sl000lmh/8ko2
"
Lenovo V15-IWL Iron Gray 81YE0009PB PL
","737,00",https://www.1a.lv/p/dell-vostro-3591-black-n5007vn3591emea01_2101-pl/8odg
"
Lenovo ThinkPad A285 Black 20MW000JMX
","813,00",https://www.1a.lv/p/lenovo-thinkbook-14-grey-20sl000lmh/8ko2
"
Lenovo Yoga C930 Glass 81EQ000QPB
","1.949,00",https://www.1a.lv/p/lenovo-thinkbook-14-grey-20sl000lmh/8ko2
"
Asus ROG Zephyrus S GX701GVR-EV037|32 PL
","1.913,00",https://www.1a.lv/p/dell-vostro-3591-black-n5007vn3591emea01_2101-pl/8odg
"
Acer Nitro 5 AN515-43 Black NH.Q6NEP.001|16 PL
","639,00",https://www.1a.lv/p/dell-vostro-3591-black-n5007vn3591emea01_2101-pl/8odg
"
Lenovo ThinkBook 15 Gray 20SM003TMH
","684,00",https://www.1a.lv/p/dell-vostro-3591-black-n5007vn3591emea01_2101-pl/8odg
"
Dell G3 15 3590-4605 PL
","800,00",https://www.1a.lv/p/dell-vostro-3591-black-n5007vn3591emea01_2101-pl/8odg
"
HP Pavilion 15-cw1012nw Silver 6VM71EA PL
","724,00",https://www.1a.lv/p/dell-vostro-3591-black-n5007vn3591emea01_2101-pl/8odg
"
Acer Aspire 3 A315-42 Black NX.HF9EP.008 PL
","577,00",https://www.1a.lv/p/dell-vostro-3591-black-n5007vn3591emea01_2101-pl/8odg
"
Notebook Huawei Matebook D15 R5
","661,00",https://www.1a.lv/p/dell-vostro-3591-black-n5007vn3591emea01_2101-pl/8odg
