name,website
"
					A-1 Air Compressor Corp.
				",http://www.a1air.com/
"
					A&A Surplus, Inc.
				",http://www.aasurplusinc.com/
"
					A & A Truck and Auto Center, Inc.
				",http://www.aatac.com/
"
					A&B Air Table Systems
				",http://www.abairtables.com/
"
					A & A Printing, Inc.
				",http://www.printshopcentral.com/
"
					A and A Scales LLC
				",http://www.scaleline.com/
"
					A & A Pump Company, Inc.
				",http://www.aapumpco.com/
"
					A & A Signs, Inc.
				",http://www.imageisit.com/
"
					A & B Buchan
				",http://www.buchanroofing.co.uk/
"
					A&A Magnetics Inc.
				",http://www.aamag.com/
"
					A & A Machinery Moving, Inc.
				",http://www.aamachinery.com/
"
					A&A Machine & Fabrication, LLC
				",http://www.aagroup.com/
"
					A&A Machine Company, Inc.
				",http://www.aamachineco.com/
"
					A & A International, Inc.
				",http://www.globalsourcing4you.com/
"
					A & A Industrial Supply
				",http://www.aaindustrialsupply.com/
"
					A1 Webcams, Inc.
				",http://www.a1webcams.com/
"
					A & A Industries, Inc.
				",http://www.aandaindustries.com/
"
					A1 Sprinkler & Systems Integration
				",http://www.spkr.com/
"
					A1 Security Supply
				",http://www.a1alarm.com/
"
					A1 PrOs Co., Ltd.
				",http://www.a1pros.co.kr/
"
					A1 Printing and Copy Center
				",http://www.a1printing.com/
"
					A1 Security Manufacturing Corp.
				",http://www.demanda1.com/
"
					A1 Plymol Flagstaff
				",http://www.flagstaffs.co.uk/
"
					A1 Microwave Limited
				",http://www.a1microwave.com/
"
					A1 Loo Hire & Wet Waste
				",http://www.a1groupuk.com/
"
					A1 Machine, Inc.
				",http://www.a-1machineinc.com/
"
					A1 Hydraulics Limited
				",http://www.a1hydraulics.co.uk/
"
					A1 Gate Company, Inc.
				",http://www.a1gate.com/
"
					A1 Fabricators and Finishers, LLC
				",http://www.a1fabricators.com/
"
					A1 Fastener, Inc.
				",http://www.a-1fastener.com/
"
					A1 Envirosciences UK
				",http://www.a1-envirosciences.co.uk/
"
					a1-envirosciences
				",http://www.a1-envirosciences.com/
"
					A1 Digital Deutschland
				",https://www.a1.digital/
"
					a1-cbiss
				",http://www.a1-cbiss.com/
"
					A1 Custom Crating
				",http://www.customcrating.net/
"
					A1 Copies, Inc.
				",http://www.a1copies.com/
"
					A1 Bearings & Transmissions, Ltd.
				",http://www.a1bearings.co.uk/
"
					A1 Abrasives Ltd.
				",http://www.a1abrasives.co.uk/
"
					A1 Automotive Inc.
				",http://www.a1automotive.com/
"
					A-Zone Environmental Services, LLC
				",http://www.a-zoneenvironmental.com/
"
					A-Z Wire and Cable
				",http://www.a-zindustries.com/
"
					A-Z Manufacturing and Sales, Inc.
				",http://www.azmfg.com/
"
					A-Z Computer Liquidation Services
				",http://www.spintradeexchange.com/
"
					A World of Glass, Inc.
				",http://www.aworldofglass2u.com/
"
					A-Walk USA, Inc.
				",http://www.a-walkusa.com/
"
					A-Web Internet Marketing Services
				",http://www.aweb.com/
"
					A-WIT Technologies, Inc.
				",http://www.a-wit.com/
"
					A-Z Factory Supply
				",http://www.azsupply.com/
"
					A. W. Kuettel & Sons, Inc.
				",http://www.awkuettel.com/
"
					A-W Airflo Industries, Inc.
				",http://www.awairflo.com/
"
					A. Vogt GmbH & Co.KG
				",http://www.gummivogt.de/
"
					A'viands, LLC
				",http://www.aviands.com/
"
					A-V Services, Inc.
				",http://www.avservices.net/
"
					A-VAC Industries
				",http://www.avac.com/
"
					A V Systems, Inc.
				",http://www.mirsinfo.com/
"
					A-V Equipment Rentals, Inc.
				",http://www.avequipment.net/
"
					A. V. Enterprises
				",http://www.metrologytoday.net/
"
					A Uno Tec S.r.l.
				",http://www.aunotec.it/
"
					A Touch of Grass Ltd.
				",http://www.atouchofgrass.co.uk/
"
					A-TorchMould Limited
				",http://www.a-torchmould.us/
"
					A To Z Rental Center
				",http://www.atozrentals.com/
"
					A Tool Shed, Inc.
				",http://www.atoolshed.com/
"
					A to Z Printing
				",http://www.atozprinting.com/
"
					A. u. K. Müller GmbH & Co. KG
				",http://www.akmueller.de/en/
"
					A To Z Machine Company, Inc.
				",http://www.atozmachine.com/
"
					A to Z Hydraulics, LLC
				",http://www.atozhydraulicsllc.com/
"
					A To Z Equipment Rentals of North Carolina, Inc.
				",http://www.a-zrentals.com/
"
					A To Z Communications
				",http://www.atozcommunications.com/
"
					A To Z Computer Center, LLC
				",http://www.atozcomputer.com/
"
					A to Z Equipment
				",http://www.a-zequipment.com/
"
					A-Tek Systems Group
				",http://www.atekllc.com/
"
					A to T Lamps, Inc.
				",http://www.atotlamps.com/
"
					A² Technologies, Inc.
				",http://www.a-squaredtec.com/
"
					A-Tek Systems
				",http://www.a-tek.co.uk/
"
					A+ Technology & Security Solutions, Inc.
				",http://www.theaplusgroup.com/
"
					A-Tech Wind Power (Jiangxi) Co., Ltd.
				",http://www.a-techwind.com/
"
					A-TECH/NORTHWEST, INC.
				",http://www.atechnorthwest.com/
"
					A-Tech Instruments Ltd.
				",http://www.a-tech.ca/
"
					A-TECH Hydraulics, Inc.
				",http://www.atechhydraulics.com/
"
					A Tech Authority
				",http://www.atechauthority.com/
"
					A-Tech, Inc.
				",http://www.atech-inc.com/
"
					A-TEC Energy Corp.
				",http://www.a-tec.com/
"
					A-TEC Industries AG
				",http://www.a-tecindustries.com/
"
					A. Tarler, Inc.
				",http://www.atarler.com/
"
					A-T Specialties, LLC
				",http://www.atspecialties.com/
"
					A Team (The)
				",http://www.ateampromo.com/
"
					A-T Controls, Inc.
				",https://a-tcontrols.com/
"
					A-Systems Corporation
				",http://www.a-systems.net/
"
					A. Stucki Company
				",http://www.stucki.com/
"
					A Steadman & Son, Ltd.
				",http://www.steadmans.co.uk/
"
					A-Star Photonics, Inc.
				",http://www.astarphotonics.com/
"
					A Star Electric Company
				",http://www.astareg.com/
"
					A. Staiger GmbH
				",http://www.a-staiger.de/
"
					A*STAR Agency for Science, Technology and Research
				",https://www.a-star.edu.sg/
"
					A-Star Corporation
				",http://www.astar.co.kr/
"
					A Square E Systems
				",http://www.a2esystems.com/
"
					A+ Signs and Creative
				",http://www.aplusigns.com/
"
					A Sign By Design
				",http://www.asignbydesign.com/
"
					A Square Systems, Inc.
				",http://www.asquaresys.com/
"
					A Smith & Son, Inc.
				",http://www.asmith.biz/
"
					A+ Signs, Inc.
				",http://www.aplussignsinc.com/
"
					A Sign In Time
				",http://www.asignintime.com/
"
					A-Shed USA
				",http://www.a-shed.com/
"
					A+ Secure Packaging, LLC
				",http://www.apluspak.com/
"
					A. Schulman, Inc.
				",https://www.aschulman.com/
"
					A-Scan Laboratories, Inc.
				",http://www.a-scanlabs.com/
"
					A/S United Shipping & Trading Company
				",http://www.ustc.dk/
"
					A. S. Thomas, Inc.
				",http://www.asthomas.com/
"
					A-S Mfg., Inc.
				",http://www.asmfg.net/
"
					A-Rise Pipe Support
				",http://www.arisepipesupport.com/
"
					A-Safe (UK) Ltd.
				",http://www.asafe.co.uk/
"
					A Raymond Tinnerman
				",http://www.araymondtinnerman.com/
"
					A. Ravona Ltd.
				",http://www.aravona.com/
"
					A. Raymond Group
				",http://www.araymond.com/
"
					A. R. Thomson Group
				",http://www.arthomson.com/
"
					A+R Armaturen GmbH
				",http://www.ar-armaturen.com/
"
					A Quality-Mould Industrial Ltd.
				",http://www.aquality-mould.com/
"
					A-Prompt Corporation
				",http://www.apromptcorp.com/
"
					A+ Products, Inc.
				",http://www.aplusproducts.net/
"
					A Product Ltd.
				",http://www.aproduct.net/
"
					A. Proctor Group, Ltd.
				",http://www.proctorgroup.com/
"
					A-Pro Industries
				",http://www.aproindustries.com/
"
					A - Prime Handling, Inc.
				",http://www.a-prime.com/
"
					A-PRE
				",http://www.a-pre.com/
"
					A Plus Warehouse
				",http://www.apluswhs.com/
"
					A-Power Energy Generation Systms Ltd.
				",http://www.apowerenergy.com/
"
					A-Plus Signs
				",http://www.a-plussigns.com/
"
					A Plus Telecom Corporation
				",http://www.aplustele.com/
"
					A Plus Powder Coaters, Inc.
				",http://www.apluspowder.com/
"
					A Plus Machining
				",http://www.aplusmachining.com/
"
					A plus M
				",http://www.aplusm.se/
"
					A Plus ID
				",http://www.aplusid.com/
"
					A Plus Label
				",http://www.apluslabel.com/
"
					A Plus Designs, Inc.
				",http://www.aplusdesignsinc.com/
"
					A-Plus Construction Services Corp.
				",http://www.aplussurvey.com/
"
					A. Perry & Co. (Hinges), Ltd.
				",http://www.hinges.co.uk/
"
					A-Pac Manufacturing Co., Inc.
				",http://www.polybags.com/
"
					A P Systems, Inc.
				",http://www.apsystemsinc.net/
"
					A Plus Cabinets, Inc.
				",http://www.apluscabinetsinc.com/
"
					A. P. Moller - Maersk AS
				",http://www.maersk.com/
"
					A-One Technology Ltd.
				",http://www.a-onehk.cn/
"
					A-One Coated Abrasive
				",http://www.mikiabrasives.com/
"
					A. O. Smith Water Products
				",http://www.hotwater.com/
"
					A. O. Ezra Electronics 2002 Ltd.
				",http://www.aoe.co.il/
"
					A. O. Reed & Co.
				",http://www.aoreed.com/
"
					A. Noble & Son, Ltd.
				",http://www.nobles.com.au/
"
					A'n D Cable Products, Inc.
				",http://www.andcable.com/
"
					A-Mrazek Moving Systems, Inc.
				",http://www.a-mrazek.com/
"
					A. Morton Thomas & Associates, Inc.
				",http://www.amtengineering.com/
"
					A. MOHR Technische Textilien GmbH
				",http://www.amohr.com/
"
					A-Mezz Industrial Structures, Inc.
				",http://www.amezz.com/
"
					A-Merican Casters & Material Handling, Inc.
				",http://www.americancaster.com/
"
					A McKie Building & Engineering Services Ltd.
				",http://www.amckiebuilders.com/
"
					A-Max Sign Company
				",http://www.amaxsign.com/
"
					A-Mark Precious Metals, Inc.
				",http://www.amark.com/
"
					A-M Systems, Inc.
				",http://www.a-msystems.com/
"
					A. M. Leonard, Inc.
				",http://www.amleo.com/default.aspx?&kc=global12
"
					A M Metalmaq, Inc.
				",http://www.ammetalmaq.com/
"
					A. Mannesmann Mashinenfabrik GmbH
				",http://www.amannesmann.de/
"
					A. M. Fitzgerald & Associates, LLC
				",http://www.amfitzgerald.com/
"
					A. Lyons & Co., Inc.
				",http://www.alyons.com/
"
					A. Louis Supply Company (The)
				",http://www.alouissupply.com/
"
					A-Line Products Corporation
				",http://www.a-line.com/
"
					A-Line Precision Tool Ltd.
				",http://www.a-linetool.com/
"
					A-LOK Products, Inc.
				",http://www.a-lok.com/
"
					A-Line Pipe Tools Inc.
				",http://www.a-linepipetools.com/
"
					A-Lined Handling Systems, Inc.
				",http://www.a-lined.com/
"
					A-Line Manufacturing, Inc.
				",http://www.alinemfg.com/
"
					A-Line Electrical Supply, Inc.
				",http://www.alineelectric.com/
"
					A-Line Electric
				",http://www.a-linelectric.com/
"
					A-Line Iron & Metals
				",http://www.alineironandmetals.com/
"
					A-Line Corporation
				",http://www.aline1.com/
"
					A-Line E.D.S.
				",http://www.alineeds.com/
"
					A Lift Above Inc.
				",http://www.aliftabove.com/
"
					a light
				",http://www.amerillum.com/
"
					A lex Products, Inc.
				",http://www.alexproducts.com/
"
					A-Lex International Marketing, LLC
				",http://www.a-lexint.com/
"
					A+ Letter Service, Inc.
				",http://www.aplusletter.com/
"
					A. Landau Company
				",http://www.alandau.net/
"
					A-Laser, Inc.
				",http://www.a-laser.com/
"
					A-Line Machine Tool Co.
				",http://www.alinetools.com/
"
					A-Lab Corp.
				",http://www.a-labcorp.com/
"
					A. L. Pickens Company, Inc.
				",http://www.alpickens.com/
"
					A-L Compressed Gases, Inc.
				",http://www.a-lgases.com/
"
					A-L-L Equipment, Inc.
				",http://www.a-l-lequipment.com/
"
					A-Korn Roller, Inc.
				",http://www.a-kornroller.com/
"
					A La Mer, Inc.
				",http://www.alamer.com/
"
					A. Krüss Optronic GmbH
				",http://www.kruess.com/
"
					A. Kayser Automotive Systems GmbH
				",http://www.kayser-automotive.com/
"
					A-KAST Measurements & Control Limited
				",http://www.a-kast.com/
"
					A K Holcomb Construction, Inc.
				",http://www.akholcomb.com/
"
					A. K. Exteriors
				",http://www.akexteriors.com/
"
					A-Jax Company, Inc.
				",http://www.ajaxco.com/
"
					A J Veneklasen Inc.
				",http://www.ajvinc.com/
"
					A J Padelford & Son, Inc.
				",http://www.padelford.com/
"
					A J Sheet Metal, Inc.
				",http://www.a-jsheetmetal.com/
"
					A J Smith LLC
				",http://www.ajsmith.com/
"
					A. J. Oster
				",http://www.ajoster.com/
"
					A J Marshall (Special Steels) Ltd.
				",http://www.ajmarshall.com/
"
					A J Lysne Contracting Corp.
				",http://www.ajlysne.com/
"
					A. J. Hudson Company
				",http://www.ajhudson.com/
"
					A. J. Horowicz e Hijos SA
				",http://www.horowicz.com/
"
					A-J Manufacturing Co., Inc.
				",https://www.ajmfg.com/
"
					A J Gilbert (Birmingham) Ltd.
				",http://www.ajgilbert.co.uk/
"
					A/J Equipment Repair, Inc.
				",http://www.ajequipmentrepair.com/
"
					A. J. Gates Company (The)
				",http://www.ajgates.com/
"
					A. J. Dralle, Inc.
				",http://www.ajdralle.net/
"
					A Innovative International, Ltd.
				",http://www.ainnovative.in/
"
					A Home Elevator, Inc.
				",http://www.texashomeelevators.com/
"
					A + I Design Corp.
				",http://www.aplusi.com/
"
					A. Hauerwas GmbH & Co. KG
				",http://www.hauerwas.de/
"
					A. Harvey & Company Ltd.
				",http://www.aharvey.com/
"
					A. H. Stock Manufacturing Corp.
				",http://www.ahstockmfg.com/
"
					A. Graveolens Oy
				",http://www.graveolens.fi/
"
					A Good Sign
				",http://www.agoodsign.com/
"
					A. Geo. Diack, Inc.
				",http://www.showcasesbydiack.com/
"
					A-Gas Americas
				",http://www.agas.com/
"
					A. H. Harris & Sons, Inc.
				",http://www.harmacrebar.com/
"
					A-G Tool & Die Co.
				",http://www.agtooldie.com/
"
					A. G. Gaston Construction Company, Inc.
				",http://www.aggaston.com/
"
					A-FLEX
				",http://www.a-flex.com/
"
					A. Fleisig Paper Box Corp.
				",http://www.afleisig.com/
"
					A. Esteban & Company, Inc.
				",http://www.esteban.com/
"
					A G Overseas Equipment, Inc.
				",http://www.agoveq.com/
"
					A. Epstein and Sons International, Inc.
				",http://www.epstein-isi.com/
"
					A. Edmonds & Co., Ltd.
				",http://www.edmonds.uk.com/
"
					A. Eicoff & Company
				",http://www.eicoff.com/
"
					A. E. Machine Works, Inc.
				",http://www.aemachine.com/
"
					A/E Graphics, Inc.
				",http://www.aegraphics.com/
"
					A Dyeing Art
				",http://www.adyeingart.com/
"
					A-dec, Inc.
				",http://www.a-dec.com/
"
					A Direct Connection, Inc.
				",http://www.adirectconnection.com/
"
					A Denim Shop
				",http://www.denimshop.com/
"
					A. Dean Watkins Co.
				",http://www.adeanwatkins.com/
"
					A D Metro Inc.
				",http://www.admetro.com/
"
					A/D Fire Protection Systems
				",http://www.adfire.com/
"
					A/D Electronics, Inc.
				",http://www.adelectronics.com/
"
					A/D Sales
				",http://www.ad-salesinc.com/
"
					A | D Creative Group
				",http://www.advertisingdesign.com/
"
					A. D. Davis Construction Corp.
				",http://www.addavis.com/
"
					A Consult, Ltd.
				",http://www.aconsult.co.uk/
"
					A Contact Electric Rentals, LP
				",http://www.acontact.com/
"
					A-Clever Technology Co., Ltd.
				",http://www.a-clever.com/
"
					A Cooper Logistics, Inc.
				",http://www.acooperlogistics.com/
"
					A. C. Roof Trusses Ltd.
				",http://www.acrooftrusses.co.uk/
"
					A Class Engineering Ltd.
				",http://www.pinder-versatool.co.uk/
"
					A-C Pump
				",http://www.acpump.com/
"
					A. C. Horn & Co.
				",http://www.achornco.com/
"
					A-C Fire Pump Systems
				",http://www.acfirepump.com/
"
					A/C Fabricating Corporation
				",http://www.acfabricating.com/
"
					A Clean Environment
				",http://www.acleanenvironment.net/
"
					A-C Equipment Services
				",http://www.a-cequipment.com/
"
					A/C Enterprises, Inc.
				",http://www.thedreamsteamer.com/
"
					A-C Electric Company
				",http://www.a-celectric.com/
"
					A. C. C. I.
				",http://www.accico.com/
"
					A C Beck & Son (Contracts) Ltd
				",http://www.acbeck.co.uk/
"
					A-Brite Plating Co.
				",http://www.abriteplating.com/
"
					A Brite Company
				",http://www.abrite.com/
"
					A/C Covers, Inc.
				",http://www.accovers.com/
"
					A Blair Powell Company
				",http://www.abpowell.com/
"
					A-Bright Industrial Co., Ltd.
				",http://www.a-bright.com.tw/
"
					A Big Chihuahua, Inc.
				",http://www.bigchi.com/
"
					A Better Panel, Inc.
				",http://www.abetterpanel.com/
"
					A Better Image Printing, LLC
				",http://www.abetterimageprinting.com/
"
					A Better Copy Center
				",http://www.bettercopycenter.com/
"
					A Better Sign, LLC
				",http://www.abettersign.com/
"
					A Bar Code Business, Inc.
				",http://www.abarcodebusiness.com/
"
					A Ball Creators
				",http://www.aballcreators.com/
"
					A. B. Sealer, Inc.
				",http://www.absealer.com/
"
					A. Berger Precision Ltd.
				",http://www.aberger.com/
"
					A B Graphic International, Inc.
				",http://www.abgint.com/
"
					A-B Emblem Conrad Industries, Inc.
				",http://www.abemblem.com/
"
					A-B Computer Solutions, Inc.
				",http://www.a-bcomputers.com/
"
					A B B Labels
				",http://www.abblabels.com/
"
					A Andrews & Sons (Marbles & Tiles) Ltd
				",http://www.andrews-tiles.co.uk/
"
					A&Z Pharmaceutical, Inc.
				",http://www.azpharmaceutical.com/
"
					A Anderson Sheet Metal Fabricators, Inc.
				",http://www.aandersensheetmetal.com/
"
					A & W Weatherstrip, Inc.
				",http://www.weatherstrip.com/
"
					A & W Water Service, Inc.
				",http://www.awwaterservice.com/
"
					A&W Sign Company, Inc.
				",http://www.aandwsigncompany.com/
"
					A & W Products, Inc.
				",http://www.aw-products.com/
"
					A&W Office Supply & Design
				",http://www.awos.com/
"
					A & W Maintenance
				",http://www.awmaint.com/
"
					A&W Lighting
				",http://www.aw-lighting.com/
"
					A&V Waterjet Tech Inc.
				",http://www.avwaterjet.com/
"
					A&V Refrigeration
				",http://www.av-refrigeration.com/
"
					A&V Electric Company, Inc.
				",http://www.aandvelectric.com/
"
					A&T Systems, Inc.
				",http://www.ats.com/
"
					A&W Commmunications
				",http://www.aw-comm.com/
"
					A&T Supply Corp.
				",http://www.atsupplycorp.com/
"
					A&U International, Inc.
				",http://www.au-int.com/
"
					A & W Bearings & Supply
				",http://www.awbearings.com/
"
					A & T Machining Co., Inc.
				",http://www.atmachining.com/
"
					A & T Enclosures Ltd.
				",http://www.at-enclosures.co.uk/
"
					A&S Window Associates, Inc.
				",http://www.aswindowassociates.com/
"
					A&T Printing, Inc.
				",http://www.atprinting.com/
"
					A&S Mold & Die Corporation
				",http://www.aandsmold.com/
"
					A & S Paving
				",http://www.aspaving.com/
"
					A & S Wallace
				",http://www.aswallace.co.uk/
"
					A&S Machinery Co., Ltd.
				",http://www.asbucketsteeth.com/
"
					A & S Landscape
				",http://www.aandslandscape.co.uk/
"
					A&S Electric Supply, Inc.
				",http://www.a-s-electric.com/
"
					A&S Fabricating Company
				",http://www.asfabco.com/
"
					A&S Crusher Co., Ltd.
				",http://www.as-crusher-parts.com/
"
					A&S Hydraulic Co., Ltd.
				",http://www.hydraulic-pump-valve.com/
"
					A&S Case Company, Inc.
				",http://www.ascase.com/
"
					A&R Telecom, Inc.
				",http://www.artelcom.com/
"
					A&S Aerodynamic Co., Ltd.
				",http://www.aspneumatic.com/
"
					A&R Logistics, Inc.
				",http://www.drivewithar.com/
"
					A & R Iron Works, Inc.
				",http://www.ariron.com/
"
					A&R Machining, Tool and Die
				",http://www.a-rsettingtools.com/
"
					A&R Metal Industries, Ltd.
				",http://www.armetal.net/
"
					A & R Engineering Ltd.
				",http://www.arengineering.co.uk/
"
					A&R Electronic Developments Ltd.
				",http://www.arelectronics.co.uk/
"
					A&R Cambridge Ltd (Arcam)
				",http://www.arcam.co.uk/
"
					A&P Technology, Inc.
				",http://www.aptekus.com/
"
					A&P Technology
				",http://www.braider.com/
"
					A&P Power Systems, Ltd.
				",http://www.appower.com/
"
					A&P Group Ltd.
				",http://www.ap-group.co.uk/
"
					A & P Electric Service, Inc.
				",http://www.apelectricservice.com/
"
					A & O Mold & Engineering, Inc.
				",http://www.aomold.com/
"
					A & One Precision Engineering Pte., Ltd.
				",http://www.a-oneprecision.com/
"
					A & N Red-D-Arc Welderentals
				",http://www.reddarc.co.uk/
"
					A & M Systems, Inc.
				",http://www.anmsystems.com/
"
					A&M Tool and Molding Corporation
				",http://www.a-mtool.com/
"
					A & M Sales, Inc.
				",http://www.gluemark.com/
"
					A&M Printing, Inc.
				",http://www.anmprinting.com/
"
					A&M Instruments, Inc.
				",http://www.aminstr.com/
"
					A&M Precision Measuring Services, Inc.
				",http://www.ampmeasuring.com/
"
					A&M Industrial Supply Company
				",http://www.am-ind.com/
"
					A & M Hardware, Inc.
				",http://www.aandmhardware.com/
"
					A & M Electricals
				",http://www.amelectricalsystems.co.uk/
"
					A & M Electronics, Inc.
				",http://www.aandmelectronics.com/
"
					A & M Fencing Company Ltd
				",http://www.aandmfencing.co.uk/
"
					A&M Forest Consultants, Inc.
				",http://www.forestryland.com/
"
					A&M Concrete Corp.
				",http://www.amconcrete.net/
"
					A & M Data Systems, Inc.
				",http://www.amdatasys.com/
"
					A&M Global Electronics Recycling
				",http://www.recyclingglobally.com/
"
					A&M Biomedical, Inc.
				",http://www.ambiomedical.com/
"
					A & L Western Laboratories, Inc.
				",http://www.al-labs-west.com/
"
					A&L Valve and Fitting, L.P.
				",http://www.alvalve.com/
"
					A & L Scientific Corp.
				",http://www.alscientific.com/
"
					A&L Products Inc.
				",http://www.altent.com/
"
					A&L Shielding, Inc.
				",http://www.alshielding.com/
"
					A&L’s Construction & Redi-Mix
				",http://www.alconcrete.com/
"
					A&L Sheet Metal Fabrications Corporation
				",http://www.aandlsheetmetal.com/
"
					A & L Machine Co., Inc.
				",http://www.anlmachine.com/
"
					A&L Plastics Co., Inc.
				",http://www.alplastics.com/
"
					A & L Hydraulics, Inc.
				",http://www.a-lhydraulics.com/
"
					A&L Handles, Inc.
				",http://www.alhandles.com/
"
					A&L Drive Shafts
				",http://www.sydneycvjoints.com.au/
"
					A&L Bearings and Components, Inc.
				",http://www.aandlbearings.com/
"
					A & L Great Lakes Laboratories, Inc.
				",http://www.al-laboratories.com/
"
					A&K Energy Conservation, Inc.
				",http://www.akenergy.com/
"
					A & K Railroad Materials, Inc.
				",http://www.akrailroad.com/
"
					A&K Supplies, Inc.
				",http://www.aksupplies.com/
"
					A&K Electronics, LLC
				",http://www.ankelectronics.com/
"
					A&K Development Company
				",http://www.akdco.com/
"
					A&J Vacuum Services, Inc.
				",http://www.ajvs.com/
"
					A&K Construction, Inc.
				",http://www.akconstruction.com/
"
					A&J Stephen (Builders), Ltd.
				",http://www.stephen.co.uk/
"
					A & J Precision Sheetmetal, Inc.
				",http://www.ajsheetmetal.com/
"
					A & J Mixing International Inc.
				",http://www.ajmixing.com/
"
					A & J Machine, Inc.
				",http://www.ajmachine2000.com/
"
					A&J Programming
				",http://www.ajprogram.com/
"
					A&J Electronics Corporation
				",http://www.a-j.com/
"
					A&J Electric Cable Corp.
				",http://www.aandjcable.com/
"
					A&J Ekstroms
				",http://www.ajekstroms.com/
"
					A & J Distributors, Inc.
				",http://www.ajdist.com/
"
					A & J Automation, Inc.
				",http://www.ajautomation.com/
"
					A&I Products
				",http://www.aiproducts.com/
"
					A&J Boltless Rack & Shelving Company
				",http://www.ajrack.com/
"
					A & I Pallets
				",http://www.aandipallets.com/
"
					A & J Cases
				",http://www.ajcases.com/
"
					A&H Sales, Inc.
				",http://www.ahsales.com/
"
					A & H Metals, Inc.
				",http://www.ahmetals.com/
"
					A & I Marketing, Inc.
				",http://www.aim4u2.com/
"
					A & H Finishing Products, Inc.
				",http://www.ahfinish.com/
"
					A&H Duffy Polishing & Finishing, Co.
				",http://www.ahduffy.com/
"
					A&G Manufacturing Co., Inc.
				",http://www.agmfg.net/
"
					A&G Centerless Grinding Co.
				",http://www.agcenterless.com/
"
					A&H Enterprises
				",http://www.amflow.com/
"
					A&G Electropolish
				",http://www.agelectropolish.com/
"
					A&F Consulting Engineers
				",http://www.groupaf.co.uk/
"
					A & F Machine Products Co.
				",http://www.helwigpumps.com/
"
					A&E Television Networks
				",http://www.aetn.com/
"
					A&E Systems Ltd.
				",http://www.ae-sys.com/
"
					A & E Rubber Stamp Corp.
				",http://www.aerubberstamp.com/
"
					A&E Precision Machining Ltd.
				",http://www.anchor-edbar.ca/
"
					A&E Manufacturing Company, Inc.
				",http://www.ae-mfg.com/
"
					A&E Office Machines, Inc.
				",http://www.aeofficemachines.com/
"
					A & E Marketing (Electronics) Ltd.
				",http://www.aemarketing.co.uk/
"
					A & E Powder Coating
				",http://www.aepowdercoating.com/
"
					A&E Leisure Ltd
				",http://www.aelsolutions.com/
"
					A & E Digital Printing
				",http://www.anedigital.com/
"
					A&E Engineering, Inc.
				",http://www.aeengr.com/
"
					A&E Design Group, Inc.
				",http://www.aluminumgates.com/
"
					A & E Architects
				",http://www.aearchitects.com/
"
					A&E Conveyor Systems Company
				",http://www.ae-conveyor.com/
"
					A&D Weighing
				",https://weighing.andonline.com/home
"
					A&E Aluminum Products, LLC
				",http://www.aluminumcarts.com/
"
					A & E Custom Manufacturing Technologies, Inc.
				",http://www.aecustommfg.com/
name,website
"
					A-1 Air Compressor Corp.
				",http://www.a1air.com/
"
					A&A Machine & Fabrication, LLC
				",http://www.aagroup.com/
"
					A & A Machinery Moving, Inc.
				",http://www.aamachinery.com/
"
					A&A Machine Company, Inc.
				",http://www.aamachineco.com/
"
					A & A Industrial Supply
				",http://www.aaindustrialsupply.com/
"
					A&A Magnetics Inc.
				",http://www.aamag.com/
"
					A & A Industries, Inc.
				",http://www.aandaindustries.com/
"
					A & A International, Inc.
				",http://www.globalsourcing4you.com/
"
					A&A Graphic Dies
				",http://www.graphicdies.com/
"
					A&A Global Industries, Inc.
				",http://www.aaglobalind.com/
"
					A&A Express, Inc.
				",http://www.aaexpressinc.com/
"
					A&A Equipment
				",http://www.842wash.com/
"
					A & A Printing, Inc.
				",http://www.printshopcentral.com/
"
					A&A Environmental Consultants Inc.
				",http://www.aaenvironmental.ca/
"
					A & A Engineering, Inc.
				",http://www.aaeng.com/
"
					A&A Contract Customs Brokers, Ltd.
				",http://www.aacb.com/
"
					A1 Security Supply
				",http://www.a1alarm.com/
"
					A1 Webcams, Inc.
				",http://www.a1webcams.com/
"
					A1 Security Manufacturing Corp.
				",http://www.demanda1.com/
"
					A1 Sprinkler & Systems Integration
				",http://www.spkr.com/
"
					A1 PrOs Co., Ltd.
				",http://www.a1pros.co.kr/
"
					A1 Printing and Copy Center
				",http://www.a1printing.com/
"
					A1 Microwave Limited
				",http://www.a1microwave.com/
"
					A1 Plymol Flagstaff
				",http://www.flagstaffs.co.uk/
"
					A1 Loo Hire & Wet Waste
				",http://www.a1groupuk.com/
"
					A1 Fastener, Inc.
				",http://www.a-1fastener.com/
"
					A1 Gate Company, Inc.
				",http://www.a1gate.com/
"
					A1 Machine, Inc.
				",http://www.a-1machineinc.com/
"
					A1 Hydraulics Limited
				",http://www.a1hydraulics.co.uk/
"
					A1 Envirosciences UK
				",http://www.a1-envirosciences.co.uk/
"
					A1 Fabricators and Finishers, LLC
				",http://www.a1fabricators.com/
"
					A1 Digital Deutschland
				",https://www.a1.digital/
"
					a1-envirosciences
				",http://www.a1-envirosciences.com/
"
					A1 Copies, Inc.
				",http://www.a1copies.com/
"
					a1-cbiss
				",http://www.a1-cbiss.com/
"
					A1 Bearings & Transmissions, Ltd.
				",http://www.a1bearings.co.uk/
"
					A1 Custom Crating
				",http://www.customcrating.net/
"
					A1 Automotive Inc.
				",http://www.a1automotive.com/
"
					A-Z Wire and Cable
				",http://www.a-zindustries.com/
"
					A-Zone Environmental Services, LLC
				",http://www.a-zoneenvironmental.com/
"
					A1 Abrasives Ltd.
				",http://www.a1abrasives.co.uk/
"
					A World of Glass, Inc.
				",http://www.aworldofglass2u.com/
"
					A-Z Manufacturing and Sales, Inc.
				",http://www.azmfg.com/
"
					A-Z Factory Supply
				",http://www.azsupply.com/
"
					A-Z Computer Liquidation Services
				",http://www.spintradeexchange.com/
"
					A-WIT Technologies, Inc.
				",http://www.a-wit.com/
"
					A-Walk USA, Inc.
				",http://www.a-walkusa.com/
"
					A-Web Internet Marketing Services
				",http://www.aweb.com/
"
					A-W Airflo Industries, Inc.
				",http://www.awairflo.com/
"
					A. Vogt GmbH & Co.KG
				",http://www.gummivogt.de/
"
					A-VAC Industries
				",http://www.avac.com/
"
					A'viands, LLC
				",http://www.aviands.com/
"
					A. W. Kuettel & Sons, Inc.
				",http://www.awkuettel.com/
"
					A V Systems, Inc.
				",http://www.mirsinfo.com/
"
					A-V Equipment Rentals, Inc.
				",http://www.avequipment.net/
"
					A-V Services, Inc.
				",http://www.avservices.net/
"
					A. V. Enterprises
				",http://www.metrologytoday.net/
"
					A Uno Tec S.r.l.
				",http://www.aunotec.it/
"
					A Touch of Grass Ltd.
				",http://www.atouchofgrass.co.uk/
"
					A. u. K. Müller GmbH & Co. KG
				",http://www.akmueller.de/en/
"
					A Tool Shed, Inc.
				",http://www.atoolshed.com/
"
					A-TorchMould Limited
				",http://www.a-torchmould.us/
"
					A to Z Printing
				",http://www.atozprinting.com/
"
					A To Z Rental Center
				",http://www.atozrentals.com/
"
					A To Z Machine Company, Inc.
				",http://www.atozmachine.com/
"
					A to Z Hydraulics, LLC
				",http://www.atozhydraulicsllc.com/
"
					A To Z Equipment Rentals of North Carolina, Inc.
				",http://www.a-zrentals.com/
"
					A to Z Equipment
				",http://www.a-zequipment.com/
"
					A To Z Computer Center, LLC
				",http://www.atozcomputer.com/
"
					A to T Lamps, Inc.
				",http://www.atotlamps.com/
"
					A-Tek Systems Group
				",http://www.atekllc.com/
"
					A To Z Communications
				",http://www.atozcommunications.com/
"
					A-Tek Systems
				",http://www.a-tek.co.uk/
"
					A+ Technology & Security Solutions, Inc.
				",http://www.theaplusgroup.com/
"
					A-Tech Wind Power (Jiangxi) Co., Ltd.
				",http://www.a-techwind.com/
"
					A² Technologies, Inc.
				",http://www.a-squaredtec.com/
"
					A-Tech Instruments Ltd.
				",http://www.a-tech.ca/
"
					A-TECH Hydraulics, Inc.
				",http://www.atechhydraulics.com/
"
					A-TECH/NORTHWEST, INC.
				",http://www.atechnorthwest.com/
"
					A-Tech, Inc.
				",http://www.atech-inc.com/
"
					A Tech Authority
				",http://www.atechauthority.com/
"
					A-TEC Industries AG
				",http://www.a-tecindustries.com/
"
					A-TEC Energy Corp.
				",http://www.a-tec.com/
"
					A Team (The)
				",http://www.ateampromo.com/
"
					A-T Specialties, LLC
				",http://www.atspecialties.com/
"
					A-T Controls, Inc.
				",https://a-tcontrols.com/
"
					A. Tarler, Inc.
				",http://www.atarler.com/
"
					A-Systems Corporation
				",http://www.a-systems.net/
"
					A. Stucki Company
				",http://www.stucki.com/
"
					A Steadman & Son, Ltd.
				",http://www.steadmans.co.uk/
"
					A-Star Photonics, Inc.
				",http://www.astarphotonics.com/
"
					A Star Electric Company
				",http://www.astareg.com/
"
					A*STAR Agency for Science, Technology and Research
				",https://www.a-star.edu.sg/
"
					A-Star Corporation
				",http://www.astar.co.kr/
"
					A. Staiger GmbH
				",http://www.a-staiger.de/
"
					A Square Systems, Inc.
				",http://www.asquaresys.com/
"
					A Square E Systems
				",http://www.a2esystems.com/
"
					A Smith & Son, Inc.
				",http://www.asmith.biz/
"
					A+ Signs and Creative
				",http://www.aplusigns.com/
"
					A+ Signs, Inc.
				",http://www.aplussignsinc.com/
"
					A+ Secure Packaging, LLC
				",http://www.apluspak.com/
"
					A Sign By Design
				",http://www.asignbydesign.com/
"
					A-Shed USA
				",http://www.a-shed.com/
"
					A Sign In Time
				",http://www.asignintime.com/
"
					A-Scan Laboratories, Inc.
				",http://www.a-scanlabs.com/
"
					A. Schulman, Inc.
				",https://www.aschulman.com/
"
					A/S United Shipping & Trading Company
				",http://www.ustc.dk/
"
					A-Safe (UK) Ltd.
				",http://www.asafe.co.uk/
"
					A. S. Thomas, Inc.
				",http://www.asthomas.com/
"
					A-S Mfg., Inc.
				",http://www.asmfg.net/
"
					A-Rise Pipe Support
				",http://www.arisepipesupport.com/
"
					A Raymond Tinnerman
				",http://www.araymondtinnerman.com/
"
					A. Raymond Group
				",http://www.araymond.com/
"
					A. R. Thomson Group
				",http://www.arthomson.com/
"
					A+R Armaturen GmbH
				",http://www.ar-armaturen.com/
"
					A. Ravona Ltd.
				",http://www.aravona.com/
"
					A Quality-Mould Industrial Ltd.
				",http://www.aquality-mould.com/
"
					A+ Products, Inc.
				",http://www.aplusproducts.net/
"
					A-Prompt Corporation
				",http://www.apromptcorp.com/
"
					A Product Ltd.
				",http://www.aproduct.net/
"
					A. Proctor Group, Ltd.
				",http://www.proctorgroup.com/
"
					A-Pro Industries
				",http://www.aproindustries.com/
"
					A - Prime Handling, Inc.
				",http://www.a-prime.com/
"
					A-PRE
				",http://www.a-pre.com/
"
					A-Power Energy Generation Systms Ltd.
				",http://www.apowerenergy.com/
"
					A Plus Warehouse
				",http://www.apluswhs.com/
"
					A Plus Powder Coaters, Inc.
				",http://www.apluspowder.com/
"
					A plus M
				",http://www.aplusm.se/
"
					A Plus Telecom Corporation
				",http://www.aplustele.com/
"
					A Plus Machining
				",http://www.aplusmachining.com/
"
					A-Plus Signs
				",http://www.a-plussigns.com/
"
					A Plus Label
				",http://www.apluslabel.com/
"
					A Plus Designs, Inc.
				",http://www.aplusdesignsinc.com/
"
					A Plus ID
				",http://www.aplusid.com/
"
					A-Plus Construction Services Corp.
				",http://www.aplussurvey.com/
"
					A Plus Cabinets, Inc.
				",http://www.apluscabinetsinc.com/
"
					A P Systems, Inc.
				",http://www.apsystemsinc.net/
"
					A. Perry & Co. (Hinges), Ltd.
				",http://www.hinges.co.uk/
"
					A-Pac Manufacturing Co., Inc.
				",http://www.polybags.com/
"
					A. P. Moller - Maersk AS
				",http://www.maersk.com/
"
					A-One Technology Ltd.
				",http://www.a-onehk.cn/
"
					A-One Coated Abrasive
				",http://www.mikiabrasives.com/
"
					A. O. Smith Water Products
				",http://www.hotwater.com/
"
					A. O. Reed & Co.
				",http://www.aoreed.com/
"
					A. O. Ezra Electronics 2002 Ltd.
				",http://www.aoe.co.il/
"
					A. Noble & Son, Ltd.
				",http://www.nobles.com.au/
"
					A'n D Cable Products, Inc.
				",http://www.andcable.com/
"
					A. Morton Thomas & Associates, Inc.
				",http://www.amtengineering.com/
"
					A. MOHR Technische Textilien GmbH
				",http://www.amohr.com/
"
					A-Mrazek Moving Systems, Inc.
				",http://www.a-mrazek.com/
"
					A McKie Building & Engineering Services Ltd.
				",http://www.amckiebuilders.com/
"
					A-Max Sign Company
				",http://www.amaxsign.com/
"
					A-Mezz Industrial Structures, Inc.
				",http://www.amezz.com/
"
					A-Mark Precious Metals, Inc.
				",http://www.amark.com/
"
					A-Merican Casters & Material Handling, Inc.
				",http://www.americancaster.com/
"
					A. Mannesmann Mashinenfabrik GmbH
				",http://www.amannesmann.de/
"
					A-M Systems, Inc.
				",http://www.a-msystems.com/
"
					A. M. Leonard, Inc.
				",http://www.amleo.com/default.aspx?&kc=global12
"
					A M Metalmaq, Inc.
				",http://www.ammetalmaq.com/
"
					A. M. Fitzgerald & Associates, LLC
				",http://www.amfitzgerald.com/
"
					A-Line Products Corporation
				",http://www.a-line.com/
"
					A. Lyons & Co., Inc.
				",http://www.alyons.com/
"
					A-LOK Products, Inc.
				",http://www.a-lok.com/
"
					A. Louis Supply Company (The)
				",http://www.alouissupply.com/
"
					A-Line Precision Tool Ltd.
				",http://www.a-linetool.com/
"
					A-Line Machine Tool Co.
				",http://www.alinetools.com/
"
					A-Line Iron & Metals
				",http://www.alineironandmetals.com/
"
					A-Line Electrical Supply, Inc.
				",http://www.alineelectric.com/
"
					A-Line Pipe Tools Inc.
				",http://www.a-linepipetools.com/
"
					A-Line Manufacturing, Inc.
				",http://www.alinemfg.com/
"
					A-Lined Handling Systems, Inc.
				",http://www.a-lined.com/
"
					A-Line Electric
				",http://www.a-linelectric.com/
"
					A-Line E.D.S.
				",http://www.alineeds.com/
"
					A-Line Corporation
				",http://www.aline1.com/
"
					a light
				",http://www.amerillum.com/
"
					A Lift Above Inc.
				",http://www.aliftabove.com/
"
					A-Lex International Marketing, LLC
				",http://www.a-lexint.com/
"
					A+ Letter Service, Inc.
				",http://www.aplusletter.com/
"
					A-Laser, Inc.
				",http://www.a-laser.com/
"
					A. Landau Company
				",http://www.alandau.net/
"
					A lex Products, Inc.
				",http://www.alexproducts.com/
"
					A-Lab Corp.
				",http://www.a-labcorp.com/
"
					A La Mer, Inc.
				",http://www.alamer.com/
"
					A-L-L Equipment, Inc.
				",http://www.a-l-lequipment.com/
"
					A-L Compressed Gases, Inc.
				",http://www.a-lgases.com/
"
					A. L. Pickens Company, Inc.
				",http://www.alpickens.com/
"
					A. Krüss Optronic GmbH
				",http://www.kruess.com/
"
					A-Korn Roller, Inc.
				",http://www.a-kornroller.com/
"
					A. Kayser Automotive Systems GmbH
				",http://www.kayser-automotive.com/
"
					A K Holcomb Construction, Inc.
				",http://www.akholcomb.com/
"
					A-KAST Measurements & Control Limited
				",http://www.a-kast.com/
"
					A. K. Exteriors
				",http://www.akexteriors.com/
"
					A J Veneklasen Inc.
				",http://www.ajvinc.com/
"
					A-Jax Company, Inc.
				",http://www.ajaxco.com/
"
					A J Smith LLC
				",http://www.ajsmith.com/
"
					A J Sheet Metal, Inc.
				",http://www.a-jsheetmetal.com/
"
					A. J. Oster
				",http://www.ajoster.com/
"
					A J Marshall (Special Steels) Ltd.
				",http://www.ajmarshall.com/
"
					A J Padelford & Son, Inc.
				",http://www.padelford.com/
"
					A J Lysne Contracting Corp.
				",http://www.ajlysne.com/
"
					A. J. Horowicz e Hijos SA
				",http://www.horowicz.com/
"
					A. J. Hudson Company
				",http://www.ajhudson.com/
"
					A-J Manufacturing Co., Inc.
				",https://www.ajmfg.com/
"
					A J Gilbert (Birmingham) Ltd.
				",http://www.ajgilbert.co.uk/
"
					A. J. Gates Company (The)
				",http://www.ajgates.com/
"
					A/J Equipment Repair, Inc.
				",http://www.ajequipmentrepair.com/
"
					A. J. Dralle, Inc.
				",http://www.ajdralle.net/
"
					A Innovative International, Ltd.
				",http://www.ainnovative.in/
"
					A Home Elevator, Inc.
				",http://www.texashomeelevators.com/
"
					A. Harvey & Company Ltd.
				",http://www.aharvey.com/
"
					A. Hauerwas GmbH & Co. KG
				",http://www.hauerwas.de/
"
					A + I Design Corp.
				",http://www.aplusi.com/
"
					A. H. Harris & Sons, Inc.
				",http://www.harmacrebar.com/
"
					A. H. Stock Manufacturing Corp.
				",http://www.ahstockmfg.com/
"
					A. Graveolens Oy
				",http://www.graveolens.fi/
"
					A Good Sign
				",http://www.agoodsign.com/
"
					A-G Tool & Die Co.
				",http://www.agtooldie.com/
"
					A G Overseas Equipment, Inc.
				",http://www.agoveq.com/
"
					A. Geo. Diack, Inc.
				",http://www.showcasesbydiack.com/
"
					A-Gas Americas
				",http://www.agas.com/
"
					A. G. Gaston Construction Company, Inc.
				",http://www.aggaston.com/
"
					A-FLEX
				",http://www.a-flex.com/
"
					A. Esteban & Company, Inc.
				",http://www.esteban.com/
"
					A. Epstein and Sons International, Inc.
				",http://www.epstein-isi.com/
"
					A. Eicoff & Company
				",http://www.eicoff.com/
"
					A. Edmonds & Co., Ltd.
				",http://www.edmonds.uk.com/
"
					A. E. Machine Works, Inc.
				",http://www.aemachine.com/
"
					A/E Graphics, Inc.
				",http://www.aegraphics.com/
"
					A. Fleisig Paper Box Corp.
				",http://www.afleisig.com/
"
					A Dyeing Art
				",http://www.adyeingart.com/
"
					A Direct Connection, Inc.
				",http://www.adirectconnection.com/
"
					A Denim Shop
				",http://www.denimshop.com/
"
					A. Dean Watkins Co.
				",http://www.adeanwatkins.com/
"
					A/D Sales
				",http://www.ad-salesinc.com/
"
					A-dec, Inc.
				",http://www.a-dec.com/
"
					A D Metro Inc.
				",http://www.admetro.com/
"
					A/D Electronics, Inc.
				",http://www.adelectronics.com/
"
					A/D Fire Protection Systems
				",http://www.adfire.com/
"
					A | D Creative Group
				",http://www.advertisingdesign.com/
"
					A Contact Electric Rentals, LP
				",http://www.acontact.com/
"
					A Consult, Ltd.
				",http://www.aconsult.co.uk/
"
					A-Clever Technology Co., Ltd.
				",http://www.a-clever.com/
"
					A Cooper Logistics, Inc.
				",http://www.acooperlogistics.com/
"
					A Clean Environment
				",http://www.acleanenvironment.net/
"
					A Class Engineering Ltd.
				",http://www.pinder-versatool.co.uk/
"
					A. D. Davis Construction Corp.
				",http://www.addavis.com/
"
					A. C. Roof Trusses Ltd.
				",http://www.acrooftrusses.co.uk/
"
					A. C. Horn & Co.
				",http://www.achornco.com/
"
					A-C Pump
				",http://www.acpump.com/
"
					A-C Fire Pump Systems
				",http://www.acfirepump.com/
"
					A-C Equipment Services
				",http://www.a-cequipment.com/
"
					A/C Fabricating Corporation
				",http://www.acfabricating.com/
"
					A/C Enterprises, Inc.
				",http://www.thedreamsteamer.com/
"
					A-C Electric Company
				",http://www.a-celectric.com/
"
					A/C Covers, Inc.
				",http://www.accovers.com/
"
					A. C. C. I.
				",http://www.accico.com/
"
					A-Brite Plating Co.
				",http://www.abriteplating.com/
"
					A Brite Company
				",http://www.abrite.com/
"
					A C Beck & Son (Contracts) Ltd
				",http://www.acbeck.co.uk/
"
					A-Bright Industrial Co., Ltd.
				",http://www.a-bright.com.tw/
"
					A Blair Powell Company
				",http://www.abpowell.com/
"
					A Big Chihuahua, Inc.
				",http://www.bigchi.com/
"
					A Better Copy Center
				",http://www.bettercopycenter.com/
"
					A Better Image Printing, LLC
				",http://www.abetterimageprinting.com/
"
					A Better Panel, Inc.
				",http://www.abetterpanel.com/
"
					A Better Sign, LLC
				",http://www.abettersign.com/
"
					A. Berger Precision Ltd.
				",http://www.aberger.com/
"
					A Bar Code Business, Inc.
				",http://www.abarcodebusiness.com/
"
					A. B. Sealer, Inc.
				",http://www.absealer.com/
"
					A Ball Creators
				",http://www.aballcreators.com/
"
					A B Graphic International, Inc.
				",http://www.abgint.com/
"
					A B B Labels
				",http://www.abblabels.com/
"
					A Andrews & Sons (Marbles & Tiles) Ltd
				",http://www.andrews-tiles.co.uk/
"
					A-B Emblem Conrad Industries, Inc.
				",http://www.abemblem.com/
"
					A-B Computer Solutions, Inc.
				",http://www.a-bcomputers.com/
"
					A Anderson Sheet Metal Fabricators, Inc.
				",http://www.aandersensheetmetal.com/
"
					A&Z Pharmaceutical, Inc.
				",http://www.azpharmaceutical.com/
"
					A & W Weatherstrip, Inc.
				",http://www.weatherstrip.com/
"
					A&W Sign Company, Inc.
				",http://www.aandwsigncompany.com/
"
					A & W Water Service, Inc.
				",http://www.awwaterservice.com/
"
					A&W Lighting
				",http://www.aw-lighting.com/
"
					A & W Products, Inc.
				",http://www.aw-products.com/
"
					A & W Maintenance
				",http://www.awmaint.com/
"
					A&W Commmunications
				",http://www.aw-comm.com/
"
					A&W Office Supply & Design
				",http://www.awos.com/
"
					A & W Bearings & Supply
				",http://www.awbearings.com/
"
					A&V Refrigeration
				",http://www.av-refrigeration.com/
"
					A&V Electric Company, Inc.
				",http://www.aandvelectric.com/
"
					A&V Waterjet Tech Inc.
				",http://www.avwaterjet.com/
"
					A&T Systems, Inc.
				",http://www.ats.com/
"
					A & T Machining Co., Inc.
				",http://www.atmachining.com/
"
					A&T Printing, Inc.
				",http://www.atprinting.com/
"
					A&U International, Inc.
				",http://www.au-int.com/
"
					A&T Supply Corp.
				",http://www.atsupplycorp.com/
"
					A & T Enclosures Ltd.
				",http://www.at-enclosures.co.uk/
"
					A & S Paving
				",http://www.aspaving.com/
"
					A & S Wallace
				",http://www.aswallace.co.uk/
"
					A&S Mold & Die Corporation
				",http://www.aandsmold.com/
"
					A & S Landscape
				",http://www.aandslandscape.co.uk/
"
					A&S Hydraulic Co., Ltd.
				",http://www.hydraulic-pump-valve.com/
"
					A&S Window Associates, Inc.
				",http://www.aswindowassociates.com/
"
					A&S Fabricating Company
				",http://www.asfabco.com/
"
					A&S Electric Supply, Inc.
				",http://www.a-s-electric.com/
"
					A&S Crusher Co., Ltd.
				",http://www.as-crusher-parts.com/
"
					A&S Aerodynamic Co., Ltd.
				",http://www.aspneumatic.com/
"
					A&S Case Company, Inc.
				",http://www.ascase.com/
"
					A&R Telecom, Inc.
				",http://www.artelcom.com/
"
					A&S Machinery Co., Ltd.
				",http://www.asbucketsteeth.com/
"
					A&R Machining, Tool and Die
				",http://www.a-rsettingtools.com/
"
					A&R Logistics, Inc.
				",http://www.drivewithar.com/
"
					A&R Metal Industries, Ltd.
				",http://www.armetal.net/
"
					A & R Iron Works, Inc.
				",http://www.ariron.com/
"
					A & R Engineering Ltd.
				",http://www.arengineering.co.uk/
"
					A&R Electronic Developments Ltd.
				",http://www.arelectronics.co.uk/
"
					A&R Cambridge Ltd (Arcam)
				",http://www.arcam.co.uk/
"
					A&P Technology, Inc.
				",http://www.aptekus.com/
"
					A&P Technology
				",http://www.braider.com/
"
					A&P Power Systems, Ltd.
				",http://www.appower.com/
"
					A&P Group Ltd.
				",http://www.ap-group.co.uk/
"
					A & P Electric Service, Inc.
				",http://www.apelectricservice.com/
"
					A & One Precision Engineering Pte., Ltd.
				",http://www.a-oneprecision.com/
"
					A & O Mold & Engineering, Inc.
				",http://www.aomold.com/
"
					A & N Red-D-Arc Welderentals
				",http://www.reddarc.co.uk/
"
					A&M Tool and Molding Corporation
				",http://www.a-mtool.com/
"
					A & M Sales, Inc.
				",http://www.gluemark.com/
"
					A & M Systems, Inc.
				",http://www.anmsystems.com/
"
					A&M Printing, Inc.
				",http://www.anmprinting.com/
"
					A&M Precision Measuring Services, Inc.
				",http://www.ampmeasuring.com/
"
					A&M Instruments, Inc.
				",http://www.aminstr.com/
"
					A&M Industrial Supply Company
				",http://www.am-ind.com/
"
					A & M Hardware, Inc.
				",http://www.aandmhardware.com/
"
					A&M Global Electronics Recycling
				",http://www.recyclingglobally.com/
"
					A&M Forest Consultants, Inc.
				",http://www.forestryland.com/
"
					A & M Fencing Company Ltd
				",http://www.aandmfencing.co.uk/
"
					A & M Electronics, Inc.
				",http://www.aandmelectronics.com/
"
					A & M Electricals
				",http://www.amelectricalsystems.co.uk/
"
					A&M Biomedical, Inc.
				",http://www.ambiomedical.com/
"
					A&M Concrete Corp.
				",http://www.amconcrete.net/
"
					A & M Data Systems, Inc.
				",http://www.amdatasys.com/
"
					A & L Western Laboratories, Inc.
				",http://www.al-labs-west.com/
"
					A&L Valve and Fitting, L.P.
				",http://www.alvalve.com/
"
					A&L Shielding, Inc.
				",http://www.alshielding.com/
"
					A&L Sheet Metal Fabrications Corporation
				",http://www.aandlsheetmetal.com/
"
					A & L Scientific Corp.
				",http://www.alscientific.com/
"
					A&L Products Inc.
				",http://www.altent.com/
"
					A&L Plastics Co., Inc.
				",http://www.alplastics.com/
"
					A&L’s Construction & Redi-Mix
				",http://www.alconcrete.com/
"
					A & L Machine Co., Inc.
				",http://www.anlmachine.com/
"
					A&L Handles, Inc.
				",http://www.alhandles.com/
"
					A & L Hydraulics, Inc.
				",http://www.a-lhydraulics.com/
"
					A & L Great Lakes Laboratories, Inc.
				",http://www.al-laboratories.com/
"
					A&L Drive Shafts
				",http://www.sydneycvjoints.com.au/
"
					A&K Supplies, Inc.
				",http://www.aksupplies.com/
"
					A & K Railroad Materials, Inc.
				",http://www.akrailroad.com/
"
					A&L Bearings and Components, Inc.
				",http://www.aandlbearings.com/
"
					A&K Energy Conservation, Inc.
				",http://www.akenergy.com/
"
					A&K Development Company
				",http://www.akdco.com/
"
					A&K Construction, Inc.
				",http://www.akconstruction.com/
"
					A&K Electronics, LLC
				",http://www.ankelectronics.com/
"
					A&J Vacuum Services, Inc.
				",http://www.ajvs.com/
"
					A&J Programming
				",http://www.ajprogram.com/
"
					A & J Mixing International Inc.
				",http://www.ajmixing.com/
"
					A&J Stephen (Builders), Ltd.
				",http://www.stephen.co.uk/
"
					A & J Precision Sheetmetal, Inc.
				",http://www.ajsheetmetal.com/
"
					A&J Electronics Corporation
				",http://www.a-j.com/
"
					A & J Machine, Inc.
				",http://www.ajmachine2000.com/
"
					A&J Electric Cable Corp.
				",http://www.aandjcable.com/
"
					A&J Ekstroms
				",http://www.ajekstroms.com/
"
					A & J Automation, Inc.
				",http://www.ajautomation.com/
"
					A & J Distributors, Inc.
				",http://www.ajdist.com/
"
					A & J Cases
				",http://www.ajcases.com/
"
					A&J Boltless Rack & Shelving Company
				",http://www.ajrack.com/
"
					A & I Pallets
				",http://www.aandipallets.com/
"
					A&I Products
				",http://www.aiproducts.com/
"
					A & I Marketing, Inc.
				",http://www.aim4u2.com/
"
					A & H Finishing Products, Inc.
				",http://www.ahfinish.com/
"
					A&H Sales, Inc.
				",http://www.ahsales.com/
"
					A&H Duffy Polishing & Finishing, Co.
				",http://www.ahduffy.com/
"
					A & H Metals, Inc.
				",http://www.ahmetals.com/
"
					A&H Enterprises
				",http://www.amflow.com/
"
					A&G Manufacturing Co., Inc.
				",http://www.agmfg.net/
"
					A&G Electropolish
				",http://www.agelectropolish.com/
"
					A&G Centerless Grinding Co.
				",http://www.agcenterless.com/
"
					A&E Television Networks
				",http://www.aetn.com/
"
					A & F Machine Products Co.
				",http://www.helwigpumps.com/
"
					A&F Consulting Engineers
				",http://www.groupaf.co.uk/
"
					A&E Systems Ltd.
				",http://www.ae-sys.com/
"
					A & E Rubber Stamp Corp.
				",http://www.aerubberstamp.com/
"
					A&E Precision Machining Ltd.
				",http://www.anchor-edbar.ca/
"
					A & E Powder Coating
				",http://www.aepowdercoating.com/
"
					A&E Office Machines, Inc.
				",http://www.aeofficemachines.com/
"
					A&E Manufacturing Company, Inc.
				",http://www.ae-mfg.com/
"
					A&E Leisure Ltd
				",http://www.aelsolutions.com/
"
					A & E Marketing (Electronics) Ltd.
				",http://www.aemarketing.co.uk/
"
					A&E Engineering, Inc.
				",http://www.aeengr.com/
"
					A & E Digital Printing
				",http://www.anedigital.com/
"
					A&E Design Group, Inc.
				",http://www.aluminumgates.com/
"
					A&E Conveyor Systems Company
				",http://www.ae-conveyor.com/
"
					A & E Custom Manufacturing Technologies, Inc.
				",http://www.aecustommfg.com/
"
					A&E Aluminum Products, LLC
				",http://www.aluminumcarts.com/
"
					A&D Weighing
				",https://weighing.andonline.com/home
"
					A & D Sutherland Ltd
				",http://www.caithnessflagstone.co.uk/
"
					A&D Technology, Inc.
				",http://www.aanddtech.com/
"
					A&D Precision, Inc.
				",http://www.adprecision.com/
"
					A & D Precision Manufacturing, Inc.
				",http://www.adprecisionmfg.com/
"
					A & D Rubber Products Company
				",http://www.adrubber.com/
"
					A & E Architects
				",http://www.aearchitects.com/
name,website
"
					A-1 Air Compressor Corp.
				",http://www.a1air.com/
"
					A & A Signs, Inc.
				",http://www.imageisit.com/
"
					A&A Surplus, Inc.
				",http://www.aasurplusinc.com/
"
					A and A Scales LLC
				",http://www.scaleline.com/
"
					A & A Printing, Inc.
				",http://www.printshopcentral.com/
"
					A & A Pump Company, Inc.
				",http://www.aapumpco.com/
"
					A&A Machine & Fabrication, LLC
				",http://www.aagroup.com/
"
					A&A Magnetics Inc.
				",http://www.aamag.com/
"
					A & A Machinery Moving, Inc.
				",http://www.aamachinery.com/
"
					A&A Machine Company, Inc.
				",http://www.aamachineco.com/
"
					A & A International, Inc.
				",http://www.globalsourcing4you.com/
"
					A & A Industrial Supply
				",http://www.aaindustrialsupply.com/
"
					A & A Industries, Inc.
				",http://www.aandaindustries.com/
"
					A&A Graphic Dies
				",http://www.graphicdies.com/
"
					A&A Global Industries, Inc.
				",http://www.aaglobalind.com/
"
					A&A Express, Inc.
				",http://www.aaexpressinc.com/
"
					A1 Webcams, Inc.
				",http://www.a1webcams.com/
"
					A1 Security Supply
				",http://www.a1alarm.com/
"
					A1 Sprinkler & Systems Integration
				",http://www.spkr.com/
"
					A1 Printing and Copy Center
				",http://www.a1printing.com/
"
					A1 Security Manufacturing Corp.
				",http://www.demanda1.com/
"
					A1 PrOs Co., Ltd.
				",http://www.a1pros.co.kr/
"
					A1 Plymol Flagstaff
				",http://www.flagstaffs.co.uk/
"
					A1 Machine, Inc.
				",http://www.a-1machineinc.com/
"
					A1 Loo Hire & Wet Waste
				",http://www.a1groupuk.com/
"
					A1 Hydraulics Limited
				",http://www.a1hydraulics.co.uk/
"
					A1 Gate Company, Inc.
				",http://www.a1gate.com/
"
					A1 Fastener, Inc.
				",http://www.a-1fastener.com/
"
					A1 Fabricators and Finishers, LLC
				",http://www.a1fabricators.com/
"
					A1 Envirosciences UK
				",http://www.a1-envirosciences.co.uk/
"
					a1-envirosciences
				",http://www.a1-envirosciences.com/
"
					A1 Digital Deutschland
				",https://www.a1.digital/
"
					A1 Custom Crating
				",http://www.customcrating.net/
"
					a1-cbiss
				",http://www.a1-cbiss.com/
"
					A1 Automotive Inc.
				",http://www.a1automotive.com/
"
					A1 Bearings & Transmissions, Ltd.
				",http://www.a1bearings.co.uk/
"
					A1 Copies, Inc.
				",http://www.a1copies.com/
"
					A1 Abrasives Ltd.
				",http://www.a1abrasives.co.uk/
"
					A-Zone Environmental Services, LLC
				",http://www.a-zoneenvironmental.com/
"
					A-Z Wire and Cable
				",http://www.a-zindustries.com/
"
					A-Z Manufacturing and Sales, Inc.
				",http://www.azmfg.com/
"
					A-Z Computer Liquidation Services
				",http://www.spintradeexchange.com/
"
					A-Z Factory Supply
				",http://www.azsupply.com/
"
					A-Web Internet Marketing Services
				",http://www.aweb.com/
"
					A-WIT Technologies, Inc.
				",http://www.a-wit.com/
"
					A-Walk USA, Inc.
				",http://www.a-walkusa.com/
"
					A1 Microwave Limited
				",http://www.a1microwave.com/
"
					A. W. Kuettel & Sons, Inc.
				",http://www.awkuettel.com/
"
					A World of Glass, Inc.
				",http://www.aworldofglass2u.com/
"
					A. Vogt GmbH & Co.KG
				",http://www.gummivogt.de/
"
					A-W Airflo Industries, Inc.
				",http://www.awairflo.com/
"
					A V Systems, Inc.
				",http://www.mirsinfo.com/
"
					A-V Services, Inc.
				",http://www.avservices.net/
"
					A'viands, LLC
				",http://www.aviands.com/
"
					A-VAC Industries
				",http://www.avac.com/
"
					A-V Equipment Rentals, Inc.
				",http://www.avequipment.net/
"
					A Uno Tec S.r.l.
				",http://www.aunotec.it/
"
					A. u. K. Müller GmbH & Co. KG
				",http://www.akmueller.de/en/
"
					A. V. Enterprises
				",http://www.metrologytoday.net/
"
					A To Z Rental Center
				",http://www.atozrentals.com/
"
					A to Z Printing
				",http://www.atozprinting.com/
"
					A Touch of Grass Ltd.
				",http://www.atouchofgrass.co.uk/
"
					A To Z Machine Company, Inc.
				",http://www.atozmachine.com/
"
					A-TorchMould Limited
				",http://www.a-torchmould.us/
"
					A to Z Hydraulics, LLC
				",http://www.atozhydraulicsllc.com/
"
					A Tool Shed, Inc.
				",http://www.atoolshed.com/
"
					A To Z Equipment Rentals of North Carolina, Inc.
				",http://www.a-zrentals.com/
"
					A to Z Equipment
				",http://www.a-zequipment.com/
"
					A To Z Computer Center, LLC
				",http://www.atozcomputer.com/
"
					A to T Lamps, Inc.
				",http://www.atotlamps.com/
"
					A To Z Communications
				",http://www.atozcommunications.com/
"
					A-Tek Systems Group
				",http://www.atekllc.com/
"
					A-Tek Systems
				",http://www.a-tek.co.uk/
"
					A+ Technology & Security Solutions, Inc.
				",http://www.theaplusgroup.com/
"
					A² Technologies, Inc.
				",http://www.a-squaredtec.com/
"
					A-TECH/NORTHWEST, INC.
				",http://www.atechnorthwest.com/
"
					A Tech Authority
				",http://www.atechauthority.com/
"
					A-TECH Hydraulics, Inc.
				",http://www.atechhydraulics.com/
"
					A-Tech Instruments Ltd.
				",http://www.a-tech.ca/
"
					A-Tech, Inc.
				",http://www.atech-inc.com/
"
					A-TEC Industries AG
				",http://www.a-tecindustries.com/
"
					A-Tech Wind Power (Jiangxi) Co., Ltd.
				",http://www.a-techwind.com/
"
					A-TEC Energy Corp.
				",http://www.a-tec.com/
"
					A Team (The)
				",http://www.ateampromo.com/
"
					A-T Controls, Inc.
				",https://a-tcontrols.com/
"
					A-T Specialties, LLC
				",http://www.atspecialties.com/
"
					A. Tarler, Inc.
				",http://www.atarler.com/
"
					A-Systems Corporation
				",http://www.a-systems.net/
"
					A. Stucki Company
				",http://www.stucki.com/
"
					A Steadman & Son, Ltd.
				",http://www.steadmans.co.uk/
"
					A-Star Photonics, Inc.
				",http://www.astarphotonics.com/
"
					A Star Electric Company
				",http://www.astareg.com/
"
					A-Star Corporation
				",http://www.astar.co.kr/
"
					A Square Systems, Inc.
				",http://www.asquaresys.com/
"
					A. Staiger GmbH
				",http://www.a-staiger.de/
"
					A Square E Systems
				",http://www.a2esystems.com/
"
					A Smith & Son, Inc.
				",http://www.asmith.biz/
"
					A*STAR Agency for Science, Technology and Research
				",https://www.a-star.edu.sg/
"
					A+ Signs and Creative
				",http://www.aplusigns.com/
"
					A+ Signs, Inc.
				",http://www.aplussignsinc.com/
"
					A Sign In Time
				",http://www.asignintime.com/
"
					A-Shed USA
				",http://www.a-shed.com/
"
					A Sign By Design
				",http://www.asignbydesign.com/
"
					A-Scan Laboratories, Inc.
				",http://www.a-scanlabs.com/
"
					A. Schulman, Inc.
				",https://www.aschulman.com/
"
					A+ Secure Packaging, LLC
				",http://www.apluspak.com/
"
					A/S United Shipping & Trading Company
				",http://www.ustc.dk/
"
					A-Safe (UK) Ltd.
				",http://www.asafe.co.uk/
"
					A-S Mfg., Inc.
				",http://www.asmfg.net/
"
					A-Rise Pipe Support
				",http://www.arisepipesupport.com/
"
					A. S. Thomas, Inc.
				",http://www.asthomas.com/
"
					A. Raymond Group
				",http://www.araymond.com/
"
					A. Ravona Ltd.
				",http://www.aravona.com/
"
					A Raymond Tinnerman
				",http://www.araymondtinnerman.com/
"
					A+R Armaturen GmbH
				",http://www.ar-armaturen.com/
"
					A. R. Thomson Group
				",http://www.arthomson.com/
"
					A Quality-Mould Industrial Ltd.
				",http://www.aquality-mould.com/
"
					A-Prompt Corporation
				",http://www.apromptcorp.com/
"
					A+ Products, Inc.
				",http://www.aplusproducts.net/
"
					A-Pro Industries
				",http://www.aproindustries.com/
"
					A-PRE
				",http://www.a-pre.com/
"
					A - Prime Handling, Inc.
				",http://www.a-prime.com/
"
					A. Proctor Group, Ltd.
				",http://www.proctorgroup.com/
"
					A-Power Energy Generation Systms Ltd.
				",http://www.apowerenergy.com/
"
					A Plus Warehouse
				",http://www.apluswhs.com/
"
					A Plus Telecom Corporation
				",http://www.aplustele.com/
"
					A-Plus Signs
				",http://www.a-plussigns.com/
"
					A Plus Powder Coaters, Inc.
				",http://www.apluspowder.com/
"
					A plus M
				",http://www.aplusm.se/
"
					A Product Ltd.
				",http://www.aproduct.net/
"
					A Plus ID
				",http://www.aplusid.com/
"
					A Plus Machining
				",http://www.aplusmachining.com/
"
					A Plus Label
				",http://www.apluslabel.com/
"
					A Plus Designs, Inc.
				",http://www.aplusdesignsinc.com/
"
					A-Plus Construction Services Corp.
				",http://www.aplussurvey.com/
"
					A Plus Cabinets, Inc.
				",http://www.apluscabinetsinc.com/
"
					A. Perry & Co. (Hinges), Ltd.
				",http://www.hinges.co.uk/
"
					A-Pac Manufacturing Co., Inc.
				",http://www.polybags.com/
"
					A P Systems, Inc.
				",http://www.apsystemsinc.net/
"
					A-One Coated Abrasive
				",http://www.mikiabrasives.com/
"
					A-One Technology Ltd.
				",http://www.a-onehk.cn/
"
					A. P. Moller - Maersk AS
				",http://www.maersk.com/
"
					A. O. Smith Water Products
				",http://www.hotwater.com/
"
					A. O. Reed & Co.
				",http://www.aoreed.com/
"
					A. O. Ezra Electronics 2002 Ltd.
				",http://www.aoe.co.il/
"
					A. Noble & Son, Ltd.
				",http://www.nobles.com.au/
"
					A'n D Cable Products, Inc.
				",http://www.andcable.com/
"
					A-Mrazek Moving Systems, Inc.
				",http://www.a-mrazek.com/
"
					A. Morton Thomas & Associates, Inc.
				",http://www.amtengineering.com/
"
					A-Merican Casters & Material Handling, Inc.
				",http://www.americancaster.com/
"
					A-Mezz Industrial Structures, Inc.
				",http://www.amezz.com/
"
					A McKie Building & Engineering Services Ltd.
				",http://www.amckiebuilders.com/
"
					A-Max Sign Company
				",http://www.amaxsign.com/
"
					A. MOHR Technische Textilien GmbH
				",http://www.amohr.com/
"
					A-Mark Precious Metals, Inc.
				",http://www.amark.com/
"
					A. Mannesmann Mashinenfabrik GmbH
				",http://www.amannesmann.de/
"
					A-M Systems, Inc.
				",http://www.a-msystems.com/
"
					A M Metalmaq, Inc.
				",http://www.ammetalmaq.com/
"
					A. M. Leonard, Inc.
				",http://www.amleo.com/default.aspx?&kc=global12
"
					A. M. Fitzgerald & Associates, LLC
				",http://www.amfitzgerald.com/
"
					A. Lyons & Co., Inc.
				",http://www.alyons.com/
"
					A-LOK Products, Inc.
				",http://www.a-lok.com/
"
					A-Lined Handling Systems, Inc.
				",http://www.a-lined.com/
"
					A. Louis Supply Company (The)
				",http://www.alouissupply.com/
"
					A-Line Products Corporation
				",http://www.a-line.com/
"
					A-Line Precision Tool Ltd.
				",http://www.a-linetool.com/
"
					A-Line Manufacturing, Inc.
				",http://www.alinemfg.com/
"
					A-Line Machine Tool Co.
				",http://www.alinetools.com/
"
					A-Line Pipe Tools Inc.
				",http://www.a-linepipetools.com/
"
					A-Line Iron & Metals
				",http://www.alineironandmetals.com/
"
					A-Line E.D.S.
				",http://www.alineeds.com/
"
					A-Line Electrical Supply, Inc.
				",http://www.alineelectric.com/
"
					a light
				",http://www.amerillum.com/
"
					A lex Products, Inc.
				",http://www.alexproducts.com/
"
					A Lift Above Inc.
				",http://www.aliftabove.com/
"
					A-Lex International Marketing, LLC
				",http://www.a-lexint.com/
"
					A-Line Corporation
				",http://www.aline1.com/
"
					A-Line Electric
				",http://www.a-linelectric.com/
"
					A+ Letter Service, Inc.
				",http://www.aplusletter.com/
"
					A-Laser, Inc.
				",http://www.a-laser.com/
"
					A. Landau Company
				",http://www.alandau.net/
"
					A-Lab Corp.
				",http://www.a-labcorp.com/
"
					A. L. Pickens Company, Inc.
				",http://www.alpickens.com/
"
					A-L-L Equipment, Inc.
				",http://www.a-l-lequipment.com/
"
					A La Mer, Inc.
				",http://www.alamer.com/
"
					A. Krüss Optronic GmbH
				",http://www.kruess.com/
"
					A-L Compressed Gases, Inc.
				",http://www.a-lgases.com/
"
					A-Korn Roller, Inc.
				",http://www.a-kornroller.com/
"
					A. Kayser Automotive Systems GmbH
				",http://www.kayser-automotive.com/
"
					A-KAST Measurements & Control Limited
				",http://www.a-kast.com/
"
					A K Holcomb Construction, Inc.
				",http://www.akholcomb.com/
"
					A. K. Exteriors
				",http://www.akexteriors.com/
"
					A-Jax Company, Inc.
				",http://www.ajaxco.com/
"
					A J Veneklasen Inc.
				",http://www.ajvinc.com/
"
					A J Sheet Metal, Inc.
				",http://www.a-jsheetmetal.com/
"
					A J Padelford & Son, Inc.
				",http://www.padelford.com/
"
					A J Smith LLC
				",http://www.ajsmith.com/
"
					A. J. Oster
				",http://www.ajoster.com/
"
					A J Marshall (Special Steels) Ltd.
				",http://www.ajmarshall.com/
"
					A J Lysne Contracting Corp.
				",http://www.ajlysne.com/
"
					A. J. Hudson Company
				",http://www.ajhudson.com/
"
					A-J Manufacturing Co., Inc.
				",https://www.ajmfg.com/
"
					A. J. Horowicz e Hijos SA
				",http://www.horowicz.com/
"
					A J Gilbert (Birmingham) Ltd.
				",http://www.ajgilbert.co.uk/
"
					A/J Equipment Repair, Inc.
				",http://www.ajequipmentrepair.com/
"
					A. J. Dralle, Inc.
				",http://www.ajdralle.net/
"
					A + I Design Corp.
				",http://www.aplusi.com/
"
					A Innovative International, Ltd.
				",http://www.ainnovative.in/
"
					A Home Elevator, Inc.
				",http://www.texashomeelevators.com/
"
					A. Hauerwas GmbH & Co. KG
				",http://www.hauerwas.de/
"
					A. J. Gates Company (The)
				",http://www.ajgates.com/
"
					A. Harvey & Company Ltd.
				",http://www.aharvey.com/
"
					A. H. Harris & Sons, Inc.
				",http://www.harmacrebar.com/
"
					A. H. Stock Manufacturing Corp.
				",http://www.ahstockmfg.com/
"
					A Good Sign
				",http://www.agoodsign.com/
"
					A. Graveolens Oy
				",http://www.graveolens.fi/
"
					A. Geo. Diack, Inc.
				",http://www.showcasesbydiack.com/
"
					A-Gas Americas
				",http://www.agas.com/
"
					A G Overseas Equipment, Inc.
				",http://www.agoveq.com/
"
					A-G Tool & Die Co.
				",http://www.agtooldie.com/
"
					A. G. Gaston Construction Company, Inc.
				",http://www.aggaston.com/
"
					A-FLEX
				",http://www.a-flex.com/
"
					A. Esteban & Company, Inc.
				",http://www.esteban.com/
"
					A. Fleisig Paper Box Corp.
				",http://www.afleisig.com/
"
					A. Epstein and Sons International, Inc.
				",http://www.epstein-isi.com/
"
					A. Eicoff & Company
				",http://www.eicoff.com/
"
					A. Edmonds & Co., Ltd.
				",http://www.edmonds.uk.com/
"
					A/E Graphics, Inc.
				",http://www.aegraphics.com/
"
					A Dyeing Art
				",http://www.adyeingart.com/
"
					A Direct Connection, Inc.
				",http://www.adirectconnection.com/
"
					A-dec, Inc.
				",http://www.a-dec.com/
"
					A Denim Shop
				",http://www.denimshop.com/
"
					A. Dean Watkins Co.
				",http://www.adeanwatkins.com/
"
					A. E. Machine Works, Inc.
				",http://www.aemachine.com/
"
					A/D Sales
				",http://www.ad-salesinc.com/
"
					A D Metro Inc.
				",http://www.admetro.com/
"
					A/D Fire Protection Systems
				",http://www.adfire.com/
"
					A/D Electronics, Inc.
				",http://www.adelectronics.com/
"
					A. D. Davis Construction Corp.
				",http://www.addavis.com/
"
					A | D Creative Group
				",http://www.advertisingdesign.com/
"
					A Cooper Logistics, Inc.
				",http://www.acooperlogistics.com/
"
					A Consult, Ltd.
				",http://www.aconsult.co.uk/
"
					A Contact Electric Rentals, LP
				",http://www.acontact.com/
"
					A-Clever Technology Co., Ltd.
				",http://www.a-clever.com/
"
					A Clean Environment
				",http://www.acleanenvironment.net/
"
					A Class Engineering Ltd.
				",http://www.pinder-versatool.co.uk/
"
					A. C. Horn & Co.
				",http://www.achornco.com/
"
					A-C Pump
				",http://www.acpump.com/
"
					A. C. Roof Trusses Ltd.
				",http://www.acrooftrusses.co.uk/
"
					A-C Fire Pump Systems
				",http://www.acfirepump.com/
"
					A-C Equipment Services
				",http://www.a-cequipment.com/
"
					A/C Enterprises, Inc.
				",http://www.thedreamsteamer.com/
"
					A-C Electric Company
				",http://www.a-celectric.com/
"
					A/C Covers, Inc.
				",http://www.accovers.com/
"
					A C Beck & Son (Contracts) Ltd
				",http://www.acbeck.co.uk/
"
					A. C. C. I.
				",http://www.accico.com/
"
					A-Brite Plating Co.
				",http://www.abriteplating.com/
"
					A Brite Company
				",http://www.abrite.com/
"
					A-Bright Industrial Co., Ltd.
				",http://www.a-bright.com.tw/
"
					A Blair Powell Company
				",http://www.abpowell.com/
"
					A Big Chihuahua, Inc.
				",http://www.bigchi.com/
"
					A/C Fabricating Corporation
				",http://www.acfabricating.com/
"
					A Better Panel, Inc.
				",http://www.abetterpanel.com/
"
					A Better Sign, LLC
				",http://www.abettersign.com/
"
					A Better Image Printing, LLC
				",http://www.abetterimageprinting.com/
"
					A Better Copy Center
				",http://www.bettercopycenter.com/
"
					A. Berger Precision Ltd.
				",http://www.aberger.com/
"
					A Bar Code Business, Inc.
				",http://www.abarcodebusiness.com/
"
					A-B Emblem Conrad Industries, Inc.
				",http://www.abemblem.com/
"
					A Ball Creators
				",http://www.aballcreators.com/
"
					A Andrews & Sons (Marbles & Tiles) Ltd
				",http://www.andrews-tiles.co.uk/
"
					A B Graphic International, Inc.
				",http://www.abgint.com/
"
					A B B Labels
				",http://www.abblabels.com/
"
					A-B Computer Solutions, Inc.
				",http://www.a-bcomputers.com/
"
					A Anderson Sheet Metal Fabricators, Inc.
				",http://www.aandersensheetmetal.com/
"
					A. B. Sealer, Inc.
				",http://www.absealer.com/
"
					A & W Weatherstrip, Inc.
				",http://www.weatherstrip.com/
"
					A&Z Pharmaceutical, Inc.
				",http://www.azpharmaceutical.com/
"
					A & W Water Service, Inc.
				",http://www.awwaterservice.com/
"
					A & W Products, Inc.
				",http://www.aw-products.com/
"
					A&W Office Supply & Design
				",http://www.awos.com/
"
					A&W Sign Company, Inc.
				",http://www.aandwsigncompany.com/
"
					A & W Maintenance
				",http://www.awmaint.com/
"
					A&W Lighting
				",http://www.aw-lighting.com/
"
					A & W Bearings & Supply
				",http://www.awbearings.com/
"
					A&W Commmunications
				",http://www.aw-comm.com/
"
					A&V Refrigeration
				",http://www.av-refrigeration.com/
"
					A&V Waterjet Tech Inc.
				",http://www.avwaterjet.com/
"
					A&V Electric Company, Inc.
				",http://www.aandvelectric.com/
"
					A&U International, Inc.
				",http://www.au-int.com/
"
					A&T Systems, Inc.
				",http://www.ats.com/
"
					A&T Printing, Inc.
				",http://www.atprinting.com/
"
					A & T Machining Co., Inc.
				",http://www.atmachining.com/
"
					A & T Enclosures Ltd.
				",http://www.at-enclosures.co.uk/
"
					A&T Supply Corp.
				",http://www.atsupplycorp.com/
"
					A&S Window Associates, Inc.
				",http://www.aswindowassociates.com/
"
					A & S Wallace
				",http://www.aswallace.co.uk/
"
					A&S Mold & Die Corporation
				",http://www.aandsmold.com/
"
					A & S Paving
				",http://www.aspaving.com/
"
					A&S Machinery Co., Ltd.
				",http://www.asbucketsteeth.com/
"
					A & S Landscape
				",http://www.aandslandscape.co.uk/
"
					A&S Electric Supply, Inc.
				",http://www.a-s-electric.com/
"
					A&S Crusher Co., Ltd.
				",http://www.as-crusher-parts.com/
"
					A&S Hydraulic Co., Ltd.
				",http://www.hydraulic-pump-valve.com/
"
					A&S Case Company, Inc.
				",http://www.ascase.com/
"
					A&S Aerodynamic Co., Ltd.
				",http://www.aspneumatic.com/
"
					A&S Fabricating Company
				",http://www.asfabco.com/
"
					A&R Telecom, Inc.
				",http://www.artelcom.com/
"
					A&R Metal Industries, Ltd.
				",http://www.armetal.net/
"
					A&R Machining, Tool and Die
				",http://www.a-rsettingtools.com/
"
					A&R Logistics, Inc.
				",http://www.drivewithar.com/
"
					A & R Iron Works, Inc.
				",http://www.ariron.com/
"
					A & R Engineering Ltd.
				",http://www.arengineering.co.uk/
"
					A&R Electronic Developments Ltd.
				",http://www.arelectronics.co.uk/
"
					A&P Technology, Inc.
				",http://www.aptekus.com/
"
					A&R Cambridge Ltd (Arcam)
				",http://www.arcam.co.uk/
"
					A&P Technology
				",http://www.braider.com/
"
					A&P Power Systems, Ltd.
				",http://www.appower.com/
"
					A&P Group Ltd.
				",http://www.ap-group.co.uk/
"
					A & P Electric Service, Inc.
				",http://www.apelectricservice.com/
"
					A & One Precision Engineering Pte., Ltd.
				",http://www.a-oneprecision.com/
"
					A & O Mold & Engineering, Inc.
				",http://www.aomold.com/
"
					A & N Red-D-Arc Welderentals
				",http://www.reddarc.co.uk/
"
					A & M Systems, Inc.
				",http://www.anmsystems.com/
"
					A & M Sales, Inc.
				",http://www.gluemark.com/
"
					A&M Tool and Molding Corporation
				",http://www.a-mtool.com/
"
					A&M Precision Measuring Services, Inc.
				",http://www.ampmeasuring.com/
"
					A&M Instruments, Inc.
				",http://www.aminstr.com/
"
					A&M Printing, Inc.
				",http://www.anmprinting.com/
"
					A&M Industrial Supply Company
				",http://www.am-ind.com/
"
					A&M Global Electronics Recycling
				",http://www.recyclingglobally.com/
"
					A & M Hardware, Inc.
				",http://www.aandmhardware.com/
"
					A&M Forest Consultants, Inc.
				",http://www.forestryland.com/
"
					A&M Concrete Corp.
				",http://www.amconcrete.net/
"
					A & M Electronics, Inc.
				",http://www.aandmelectronics.com/
"
					A & M Fencing Company Ltd
				",http://www.aandmfencing.co.uk/
"
					A & M Electricals
				",http://www.amelectricalsystems.co.uk/
"
					A & M Data Systems, Inc.
				",http://www.amdatasys.com/
"
					A & L Western Laboratories, Inc.
				",http://www.al-labs-west.com/
"
					A&L Valve and Fitting, L.P.
				",http://www.alvalve.com/
"
					A&M Biomedical, Inc.
				",http://www.ambiomedical.com/
"
					A&L Shielding, Inc.
				",http://www.alshielding.com/
"
					A&L’s Construction & Redi-Mix
				",http://www.alconcrete.com/
"
					A&L Sheet Metal Fabrications Corporation
				",http://www.aandlsheetmetal.com/
"
					A&L Products Inc.
				",http://www.altent.com/
"
					A&L Plastics Co., Inc.
				",http://www.alplastics.com/
"
					A & L Machine Co., Inc.
				",http://www.anlmachine.com/
"
					A & L Hydraulics, Inc.
				",http://www.a-lhydraulics.com/
"
					A & L Scientific Corp.
				",http://www.alscientific.com/
"
					A&L Handles, Inc.
				",http://www.alhandles.com/
"
					A & L Great Lakes Laboratories, Inc.
				",http://www.al-laboratories.com/
"
					A&L Drive Shafts
				",http://www.sydneycvjoints.com.au/
"
					A&L Bearings and Components, Inc.
				",http://www.aandlbearings.com/
"
					A & K Railroad Materials, Inc.
				",http://www.akrailroad.com/
"
					A&K Supplies, Inc.
				",http://www.aksupplies.com/
"
					A&K Energy Conservation, Inc.
				",http://www.akenergy.com/
"
					A&K Electronics, LLC
				",http://www.ankelectronics.com/
"
					A&K Development Company
				",http://www.akdco.com/
"
					A&K Construction, Inc.
				",http://www.akconstruction.com/
"
					A&J Vacuum Services, Inc.
				",http://www.ajvs.com/
"
					A&J Stephen (Builders), Ltd.
				",http://www.stephen.co.uk/
"
					A&J Programming
				",http://www.ajprogram.com/
"
					A & J Precision Sheetmetal, Inc.
				",http://www.ajsheetmetal.com/
"
					A & J Mixing International Inc.
				",http://www.ajmixing.com/
"
					A&J Electric Cable Corp.
				",http://www.aandjcable.com/
"
					A & J Machine, Inc.
				",http://www.ajmachine2000.com/
"
					A & J Distributors, Inc.
				",http://www.ajdist.com/
"
					A&J Electronics Corporation
				",http://www.a-j.com/
"
					A & J Cases
				",http://www.ajcases.com/
"
					A&J Ekstroms
				",http://www.ajekstroms.com/
"
					A&J Boltless Rack & Shelving Company
				",http://www.ajrack.com/
"
					A & J Automation, Inc.
				",http://www.ajautomation.com/
"
					A&I Products
				",http://www.aiproducts.com/
"
					A & I Marketing, Inc.
				",http://www.aim4u2.com/
"
					A & H Metals, Inc.
				",http://www.ahmetals.com/
"
					A & H Finishing Products, Inc.
				",http://www.ahfinish.com/
"
					A&H Sales, Inc.
				",http://www.ahsales.com/
"
					A&H Enterprises
				",http://www.amflow.com/
"
					A&H Duffy Polishing & Finishing, Co.
				",http://www.ahduffy.com/
"
					A & I Pallets
				",http://www.aandipallets.com/
"
					A&G Manufacturing Co., Inc.
				",http://www.agmfg.net/
"
					A&G Electropolish
				",http://www.agelectropolish.com/
"
					A&G Centerless Grinding Co.
				",http://www.agcenterless.com/
"
					A & F Machine Products Co.
				",http://www.helwigpumps.com/
"
					A&E Systems Ltd.
				",http://www.ae-sys.com/
"
					A&E Television Networks
				",http://www.aetn.com/
"
					A & E Rubber Stamp Corp.
				",http://www.aerubberstamp.com/
"
					A&F Consulting Engineers
				",http://www.groupaf.co.uk/
"
					A&E Precision Machining Ltd.
				",http://www.anchor-edbar.ca/
"
					A & E Powder Coating
				",http://www.aepowdercoating.com/
"
					A&E Office Machines, Inc.
				",http://www.aeofficemachines.com/
"
					A&E Leisure Ltd
				",http://www.aelsolutions.com/
"
					A & E Marketing (Electronics) Ltd.
				",http://www.aemarketing.co.uk/
"
					A&E Manufacturing Company, Inc.
				",http://www.ae-mfg.com/
"
					A&E Design Group, Inc.
				",http://www.aluminumgates.com/
"
					A & E Custom Manufacturing Technologies, Inc.
				",http://www.aecustommfg.com/
"
					A&E Engineering, Inc.
				",http://www.aeengr.com/
"
					A & E Digital Printing
				",http://www.anedigital.com/
"
					A&E Conveyor Systems Company
				",http://www.ae-conveyor.com/
"
					A&E Aluminum Products, LLC
				",http://www.aluminumcarts.com/
"
					A&D Weighing
				",https://weighing.andonline.com/home
"
					A&D Technology, Inc.
				",http://www.aanddtech.com/
"
					A & D Sutherland Ltd
				",http://www.caithnessflagstone.co.uk/
"
					A&D Precision, Inc.
				",http://www.adprecision.com/
"
					A & D Rubber Products Company
				",http://www.adrubber.com/
"
					A & D Precision Manufacturing, Inc.
				",http://www.adprecisionmfg.com/
"
					A & E Architects
				",http://www.aearchitects.com/
