Name,Phone,Website
Dentist,(213) 747-8502,/los-angeles-ca/mip/dentist-513077420
Los Angeles Dentist,(213) 747-8502,/los-angeles-ca/mip/los-angeles-dentist-456285038
"African American Dentist in Los Angeles, CA",(213) 747-8502,/los-angeles-ca/mip/african-american-dentist-in-los-angeles-ca-555991199
"Filipino Dentist in Eagle Rock, CA",(213) 747-8502,/los-angeles-ca/mip/filipino-dentist-in-eagle-rock-ca-555978020
Drjoven Fam Dentist,(213) 747-8502,/los-angeles-ca/mip/drjoven-fam-dentist-507177043
Family Dentist LA - Benyamini Dan DDS,(213) 747-8502,/los-angeles-ca/mip/family-dentist-la-benyamini-dan-dds-4710877
Invisalign Dentist Los Angeles,(213) 747-8502,/los-angeles-ca/mip/invisalign-dentist-los-angeles-531240832
Best Family Dentist,(213) 747-8502,/los-angeles-ca/mip/best-family-dentist-478639094
Dentist Office in Naples FL,(213) 747-8502,/los-angeles-ca/mip/dentist-office-in-naples-fl-555589645
"Dentist Pico Blvd in Los Angeles, CA",(213) 747-8502,/los-angeles-ca/mip/dentist-pico-blvd-in-los-angeles-ca-555543424
Seo Dentist,(213) 747-8502,/los-angeles-ca/mip/seo-dentist-504082989
Family Dentist,(213) 747-8502,/los-angeles-ca/mip/family-dentist-462020067
1800 Dentist,(213) 747-8502,/los-angeles-ca/mip/1800-dentist-527502166
DR Sohn Family Dentist,(213) 747-8502,/los-angeles-ca/mip/dr-sohn-family-dentist-478593935
Excellent 32 Dentist,(213) 747-8502,/los-angeles-ca/mip/excellent-32-dentist-487420599
Waseem Dentist Servise,(213) 747-8502,/los-angeles-ca/mip/waseem-dentist-servise-530567947
General Dentist,(213) 747-8502,/los-angeles-ca/mip/general-dentist-507236991
Zacoalco Dentist,(213) 747-8502,/los-angeles-ca/mip/zacoalco-dentist-459864315
"David Hakham, Dds; Montebello Dentist",(213) 747-8502,/los-angeles-ca/mip/david-hakham-dds-montebello-dentist-545564059
Dentist 4 U 2,(213) 747-8502,/los-angeles-ca/mip/dentist-4-u-2-531140529
Family Dentist,(213) 747-8502,/los-angeles-ca/mip/family-dentist-474037830
Le Chic Dentist,(213) 747-8502,/los-angeles-ca/mip/le-chic-dentist-22479004
Emergency Dentist in Encino,(213) 747-8502,/los-angeles-ca/mip/emergency-dentist-in-encino-549988924
A Children's Dentist,(213) 747-8502,/los-angeles-ca/mip/a-childrens-dentist-13245719
A Contemporary Esthetic Dentist,(213) 747-8502,/los-angeles-ca/mip/a-contemporary-esthetic-dentist-469809219
Jane DDS Kwon - Dentist Prosthodontics,(213) 747-8502,/los-angeles-ca/mip/jane-dds-kwon-dentist-prosthodontics-544298645
Le Chic Dentist,(213) 747-8502,/los-angeles-ca/mip/le-chic-dentist-473415831
Los Angeles Dentist Z Dental Group,(213) 747-8502,/los-angeles-ca/mip/los-angeles-dentist-z-dental-group-7206794
Choi Sang D Dentist,(213) 747-8502,/los-angeles-ca/mip/choi-sang-d-dentist-14443026
Justin Family Dentist,(213) 747-8502,/los-angeles-ca/mip/justin-family-dentist-7213850
